Open,High,Low,Close,Adjusted Closing Amount,Volume Traded (in Millions)
27.8475,27.860001,26.8375,27.3325,24.745996,0.0002128184
27.0725,27.1625,26.352501,26.5625,24.048864,0.00025714199999999997
26.635,26.8575,26.157499,26.565001,24.051125,0.0002631884
26.799999,27.049999,26.674999,26.9375,24.388372,0.0001604236
27.307501,28.0375,27.174999,27.9725,25.32543,0.000237458
28.1675,28.3125,27.5525,28.002501,25.352596,0.000214798
28.15,28.157499,27.200001,27.3125,24.727888,0.00019860319999999998
27.8575,28.200001,27.227501,27.555,24.947441,0.0002683676
27.26,27.622499,27.125,27.450001,24.852381,0.00019582640000000002
27.5,27.514999,26.665001,26.705,24.177874,0.00024005600000000002
26.7575,26.895,26.299999,26.497499,23.990015,0.0003140532
26.959999,27.2425,26.625,27.18,24.607925,0.0001995996
27.237499,27.764999,27.067499,27.387501,24.795801,0.0001943036
27.565001,28.1175,27.43,28.1,25.440866,0.0002151856
28.075001,28.4375,27.8825,28.245001,25.572142,0.00018585919999999998
28.434999,28.59,28.200001,28.275,25.599306,0.00022246
28.105,28.120001,27.2575,27.285,24.70299,0.00038227480000000005
29.407499,29.530001,28.827499,28.827499,26.09952,0.0005859084
29.08,29.797501,28.889999,29.725,26.912094,0.0003377456
29.6,30.0,29.2125,29.290001,26.518259,0.00033498200000000005
29.512501,29.7925,29.02,29.657499,26.850985,0.0002509564
29.625,29.772499,29.4025,29.6625,26.855499,0.0002076628
29.625,30.127501,29.577499,29.889999,27.061476,0.00028059879999999996
30.004999,30.057501,29.8125,29.985001,27.254635,0.0001689848
30.004999,30.0625,29.612499,29.7325,27.025118,0.0001748264
29.637501,29.959999,29.6075,29.93,27.204636,0.0001555592
30.0425,30.5375,30.040001,30.504999,27.727276,0.000248034
30.692499,31.23,30.625,31.219999,28.377174,0.00029424720000000004
31.514999,31.870001,31.3925,31.615,28.736198,0.000297898
31.82,31.82,31.4125,31.77,28.877089,0.0002170888
31.872499,32.220001,31.73,31.9575,29.047516,0.0002526096
31.907499,32.195,31.862499,32.18,29.249762,0.0001795668
32.119999,32.2575,32.0825,32.112499,29.1884,0.0001494496
32.154999,32.375,32.012501,32.375,29.426998,0.0001957936
32.505001,33.25,32.415001,33.25,30.222326,0.00028389640000000004
33.235001,33.400002,32.7925,33.0425,30.033722,0.0002769124
32.889999,32.900002,32.037498,32.197498,29.265663,0.00029884679999999997
32.197498,32.717499,31.6525,32.605,29.636061,0.00036514999999999996
32.5,32.642502,32.060001,32.115002,29.190678,0.0002480592
32.3125,32.57,32.075001,32.272499,29.333834,0.00019238679999999999
32.240002,32.380001,32.022499,32.34,29.395187,0.0001512652
32.275002,32.389999,32.080002,32.134998,29.208851,0.0001266652
32.145,32.1875,31.440001,31.602501,28.724842,0.0002260684
32.099998,32.342499,31.565001,31.65,28.768019,0.0002913684
31.99,32.392502,31.264999,31.785,28.890726,0.000354114
31.602501,31.805,30.950001,31.127501,28.293097,0.0002754264
31.1875,31.192499,30.5275,30.559999,27.777269,0.000275756
30.577499,31.225,30.407499,31.112499,28.279457,0.0001934508
31.1,31.35,30.645,30.897499,28.084036,0.00020730920000000002
30.969999,31.237499,30.717501,31.237499,28.393076,0.00014349719999999999
31.475,31.83,31.4125,31.76,28.867992,0.0002040924
31.75,32.290001,31.592501,32.1175,29.192947,0.0002610836
32.1875,32.3125,31.85,31.875,28.972532,0.000183238
32.0625,32.099998,31.290001,31.475,28.608955,0.0002747804
31.780001,31.9625,31.629999,31.8025,28.90663,0.00015083879999999998
31.807501,32.009998,31.639999,31.672501,28.788467,0.0001313692
31.635,31.705,30.844999,30.844999,28.03632,0.0002066208
30.690001,31.219999,30.65,31.059999,28.231739,0.0001902916
31.1425,31.174999,30.727501,30.8125,28.006777,0.0001581848
31.012501,31.6,31.0,31.592501,28.715757,0.0001883988
31.522499,31.622499,31.09,31.1075,28.274914,0.0001683624
31.205,31.280001,30.775,31.0625,28.234015,0.00016248560000000002
31.2575,31.389999,31.047501,31.33,28.477158,0.0001288804
31.1175,31.877501,31.0825,31.8375,28.938442,0.000148776
31.91,32.029999,31.495001,31.502501,28.633947,0.00014004920000000001
31.4625,31.6,31.2425,31.4,28.540785,0.0001493168
31.4625,31.645,31.165001,31.639999,28.758928,0.000129936
31.487499,31.8025,31.315001,31.775,28.881636,0.000160752
32.092499,32.142502,31.6525,31.7125,28.824829,0.00014546039999999998
31.75,31.8225,31.477501,31.575001,28.699842,0.0001020984
31.602501,31.782499,31.502501,31.695,28.808918,0.00011588160000000001
31.57,31.775,31.5275,31.5425,28.670309,0.000113476
31.387501,31.535,31.115,31.1875,28.347631,0.000207828
31.3925,32.029999,31.2925,31.9,28.995249,0.0001882172
32.025002,32.049999,31.6675,31.727501,28.838459,0.0001297404
31.747499,32.217499,31.58,32.154999,29.227022,0.000150618
32.075001,32.605,32.035,32.4175,29.46563,0.0001830836
32.622501,32.657501,32.307499,32.57,29.604239,0.0001781036
33.077499,33.282501,32.787498,33.162498,30.142792,0.0003878168
33.615002,33.634998,32.392502,32.639999,29.667873,0.000475696
32.540001,32.897499,32.075001,32.16,29.231573,0.0002535444
32.16,32.16,31.145,31.2875,28.438528,0.0003327816
31.525,32.532501,31.325001,32.237499,29.302019,0.0002340504
32.375,32.642502,32.064999,32.174999,29.245214,0.0002039532
32.037498,32.112499,31.445,31.450001,28.586231,0.0001970856
31.639999,31.6875,30.84,31.252501,28.406712,0.000288564
31.192499,31.52,31.004999,31.315001,28.582413,0.0001757636
31.67,31.905001,31.5275,31.905001,29.120928,0.0002222016
31.8475,31.889999,31.407499,31.58,28.824289,0.0001681432
31.4,31.719999,31.205,31.467501,28.721605,0.00019264
31.5375,31.797501,31.467501,31.502501,28.753557,0.00013877680000000002
31.852501,32.237499,31.790001,32.237499,29.424417,0.00018081399999999998
32.267502,32.372501,32.052502,32.192501,29.383341,0.000152832
32.095001,32.68,32.09,32.547501,29.707371,0.0002035316
32.672501,32.720001,32.41,32.517502,29.679989,0.00017853280000000002
32.5,32.744999,32.334999,32.514999,29.677698,0.0001458196
32.517502,32.907501,32.4575,32.8475,29.981186,0.0001589216
32.900002,33.2425,32.849998,33.134998,30.243601,0.00018238399999999998
33.150002,33.227501,32.279999,32.404999,29.577299,0.00028279039999999997
32.584999,33.064999,32.512501,33.009998,30.129511,0.0001833328
32.965,32.987499,32.775002,32.945,30.070177,0.0001229332
32.807499,32.862499,32.474998,32.57,29.727905,0.00020353800000000002
32.57,32.8475,32.512501,32.634998,29.787228,0.0001284512
32.465,32.665001,32.330002,32.490002,29.654886,0.0001346704
32.665001,32.735001,32.474998,32.529999,29.691391,0.000123934
32.395,32.645,32.227501,32.34,29.517973,0.0001538004
32.375,32.422501,32.09,32.162498,29.355963,0.0001425072
32.224998,32.302502,31.7075,31.950001,29.162001,0.0002106992
31.674999,32.02,31.405001,31.855,29.075293,0.0002243016
31.98,32.334999,31.9625,32.220001,29.408442,0.0001563492
32.294998,32.544998,32.119999,32.147499,29.34227,0.0001415636
32.047501,32.0825,31.7775,31.7925,29.018253,0.0001475448
31.525,31.809999,31.4275,31.73,28.961205,0.0001759556
31.7575,31.9625,31.592501,31.9,29.116364,0.0001259764
31.93,31.969999,31.684999,31.825001,29.047909,0.00013167240000000002
31.807501,32.077499,31.805,31.969999,29.180264,0.0001416288
31.9275,31.955,31.6,31.65,28.888182,0.00021886760000000002
31.872499,32.014999,31.77,31.9025,29.118649,0.0001361572
31.870001,31.9025,31.719999,31.7575,28.986301,0.00012107559999999999
31.8025,32.450001,31.780001,32.0275,29.232738,0.0002211236
32.215,32.299999,31.875,31.875,29.093544,0.0001277524
31.9175,31.997499,31.627501,31.6875,28.922409,0.0001762672
31.365,31.6175,31.120001,31.1325,28.415836,0.0001966456
31.3925,31.530001,31.215,31.3575,28.621204,0.0001774828
31.725,31.735001,31.497499,31.65,28.888182,0.00012095520000000001
31.6075,31.672501,31.442499,31.610001,28.851677,0.00010884399999999999
31.235001,31.557501,31.2125,31.5,28.75127,0.0001122416
31.4725,31.5375,30.942499,31.422501,28.680536,0.0001877872
31.120001,31.16,30.635,30.6425,27.968597,0.00024304640000000002
30.9625,31.014999,29.805,30.0175,27.398134,0.00031438
30.485001,30.9625,30.3025,30.82,28.130606,0.000245418
31.2575,31.440001,31.08,31.415001,28.673687,0.000165762
31.51,31.592501,31.26,31.4025,28.662273,0.0001270724
31.43,31.7875,31.395,31.705,28.938383,0.0001345968
31.934999,32.142502,31.8375,32.127499,29.324017,0.0001448896
32.27,32.404999,32.077499,32.404999,29.577299,0.0001846588
32.7425,33.2425,32.674999,33.017502,30.136354,0.00023560079999999998
33.212502,33.23,32.580002,32.6875,29.835146,0.0003070256
30.497499,31.375,30.497499,31.305,28.573292,0.00046180239999999995
31.549999,31.772499,31.264999,31.290001,28.559597,0.000203998
31.33,31.434999,30.975,31.125,28.408995,0.0001686492
30.772499,30.9025,30.530001,30.692499,28.014235,0.000177822
30.844999,30.977501,30.637501,30.844999,28.153429,0.00013447239999999998
30.7875,30.875,30.567499,30.747499,28.064432,0.0001480468
30.58,30.6425,30.4275,30.592501,27.922962,0.00013451320000000002
30.65,30.66,30.227501,30.325001,27.678802,0.00017154
30.375,30.6425,29.379999,29.610001,27.026205,0.000279904
29.355,29.424999,28.3125,28.66,26.159094,0.0004965544
28.237499,29.360001,28.025,28.85,26.332514,0.0003972504
28.9925,29.125,28.530001,28.782499,26.389818,0.000211612
28.645,29.0625,28.625,28.879999,26.479212,0.0001546816
29.1325,29.997499,29.1325,29.93,27.441927,0.0002198064
29.452499,29.545,28.3325,28.372499,26.013899,0.0003883312
28.1325,28.855,27.407499,28.809999,26.415031,0.00040487
29.01,29.1,28.635,28.7875,26.394403,0.00019414320000000002
28.58,29.077499,28.502501,28.99,26.580072,0.00017171799999999998
29.01,29.4125,28.875,29.290001,26.855129,0.00016353880000000002
29.1075,29.360001,29.002501,29.125,26.703844,0.00013824279999999998
29.025,29.129999,28.67,28.752501,26.36232,0.000193146
28.52,28.5875,27.907499,28.1625,25.821362,0.0002740064
27.6075,27.975,26.4125,26.440001,24.24205,0.000513102
23.717501,27.200001,23.0,25.780001,23.636913,0.0006488252
27.7775,27.7775,25.875,25.934999,23.77903,0.0004144064
26.772499,27.4725,26.262501,27.422501,25.142878,0.00038709840000000003
28.057501,28.309999,27.504999,28.23,25.883244,0.0003384644
28.0425,28.327499,27.885,28.3225,25.968058,0.0002126576
28.0075,28.6325,28.0,28.190001,25.846569,0.0002249172
27.5375,27.969999,26.84,26.93,24.691317,0.0003073836
27.557501,28.084999,27.282499,28.084999,25.750303,0.0002475552
28.122499,28.195,27.51,27.592501,25.298746,0.0002129356
27.2425,27.612499,27.127501,27.317499,25.046597,0.0001999852
27.9375,28.139999,27.58,28.077499,25.743425,0.00021937440000000002
28.440001,28.504999,27.442499,27.5375,25.248314,0.0003400432
27.567499,28.32,27.475,28.1425,25.803019,0.0002515712
27.9475,28.5525,27.940001,28.5525,26.178938,0.000199662
29.145,29.2225,28.715,28.827499,26.431074,0.0002334536
28.9825,29.1325,28.605,29.07,26.653418,0.0001733648
29.0625,29.135,28.860001,29.102501,26.683214,0.000148694
28.915001,29.122499,28.43,28.48,26.112465,0.0002564504
28.0525,28.575001,27.967501,28.362499,26.004728,0.0002971412
28.4175,28.842501,28.415001,28.8025,26.408154,0.000200888
28.344999,28.545,28.129999,28.35,25.993275,0.0002013848
28.407499,28.68,28.325001,28.58,26.204147,0.0001430268
28.3125,28.875,28.092501,28.75,26.36002,0.00020087799999999998
29.110001,29.172501,28.504999,28.6775,26.293549,0.0002246076
28.4625,28.6425,28.110001,28.110001,25.773222,0.000208436
28.2075,28.377501,26.965,27.264999,24.998468,0.0002934616
27.5425,27.885,27.182501,27.575001,25.282696,0.000265892
27.2675,27.405001,26.827499,27.395,25.117659,0.0002557164
27.002501,27.752501,26.887501,27.594999,25.301033,0.00023207919999999999
27.469999,27.842501,27.2675,27.695,25.392723,0.0002082588
27.657499,27.934999,27.442499,27.827499,25.514214,0.00019278720000000002
27.934999,27.942499,27.352501,27.695,25.392723,0.0001870624
27.547501,27.547501,27.0525,27.375,25.099319,0.0002479184
27.5,28.07,27.372499,28.030001,25.699871,0.0002110644
28.182501,28.1875,27.860001,27.9,25.580681,0.0001218688
27.705,28.112499,27.67,27.9475,25.624231,0.0001321972
27.8225,27.879999,27.389999,27.5525,25.262068,0.0001778496
27.7325,28.025,27.622499,27.965,25.640276,0.000150694
27.945,28.0,27.6325,27.76,25.452316,0.0001569304
27.700001,27.9375,27.5275,27.932501,25.610481,0.0001190368
27.834999,28.5425,27.705,28.442499,26.078081,0.00019587119999999998
28.5,28.895,28.424999,28.440001,26.075788,0.0001671808
28.5825,28.875,28.525,28.875,26.474628,0.0001666164
29.174999,29.807501,29.0825,29.77,27.295229,0.0002374676
29.52,29.532499,28.73,28.82,26.4242,0.00026533519999999997
28.85,29.135,28.497499,28.637501,26.25687,0.0002795376
29.2325,29.825001,29.014999,29.817499,27.338779,0.0003422056
29.674999,30.172501,29.567499,30.1325,27.627592,0.00020490919999999999
30.247499,30.305,29.862499,29.875,27.391502,0.0001974612
30.200001,30.34,29.9025,30.295,27.776585,0.0001288132
30.1975,30.872499,30.174999,30.6425,28.095192,0.00018207599999999998
30.782499,30.955,30.405001,30.5,27.964542,0.0001795444
30.4625,30.672501,30.045,30.23,27.835629,0.0001582108
30.2775,30.452499,30.155001,30.264999,27.867861,0.0001321692
30.24,30.452499,30.012501,30.1425,27.75506,0.0001354856
29.225,29.5175,29.014999,29.192499,26.88031,0.0002365116
29.092501,29.355,28.8025,29.0275,26.728371,0.00018087200000000003
29.065001,29.205,28.9125,28.93,26.638597,0.0001301024
28.799999,28.8925,28.067499,28.084999,25.860525,0.00018324959999999998
27.844999,28.559999,27.75,28.545,26.284096,0.0001524268
28.73,28.762501,28.33,28.422501,26.171295,0.0001104676
28.940001,29.372499,28.875,29.3225,27.000011,0.0001866988
29.41,29.9375,29.190001,29.695,27.343008,0.0001731832
29.799999,29.98,29.7125,29.825001,27.462706,0.0001371484
29.817499,29.932501,29.334999,29.4375,27.105907,0.00012993
29.3325,29.8375,29.280001,29.719999,27.366024,0.0001712128
29.8025,29.807501,29.48,29.5075,27.170357,8.55532e-05
29.5725,29.602501,29.4,29.452499,27.119713,5.2185600000000004e-05
29.497499,29.852501,29.4375,29.575001,27.232508,0.0001567212
29.6875,29.702499,29.215,29.334999,27.011518,0.00013940960000000002
29.334999,29.5275,29.02,29.07,26.767508,0.0001335464
29.137501,29.1975,28.555,28.799999,26.518896,0.00016627799999999998
28.8225,29.8125,28.7775,29.7575,27.400555,0.000231108
29.745001,29.965,29.452499,29.57,27.227905,0.0001283368
29.379999,29.65,29.215,29.557501,27.216394,0.000137238
29.41,29.422501,28.77,28.905001,26.61558,0.00018544560000000003
29.01,29.235001,28.877501,29.0425,26.742188,0.00011685080000000001
28.797501,28.8475,28.2125,28.295,26.053888,0.00018754480000000002
28.045,28.17,27.4475,28.120001,25.892748,0.00025727480000000005
27.985001,28.200001,27.5875,27.622499,25.434656,0.0002132924
27.7675,27.997499,27.200001,27.834999,25.630325,0.000224954
28.004999,28.0625,27.245001,27.245001,25.087061,0.0001790912
27.227501,27.379999,26.452499,26.5075,24.407967,0.0003858132
26.82,26.842501,26.3925,26.8325,24.707233,0.00019036240000000002
26.85,26.93,26.612499,26.807501,24.684206,0.0001311576
26.817499,27.2125,26.799999,27.1525,25.001886,0.00013062960000000001
27.25,27.25,26.987499,27.0075,24.868372,5.42816e-05
26.897499,26.922501,26.545,26.705,24.589828,0.0001068168
26.74,27.3575,26.715,27.184999,25.031807,0.0001237248
27.145,27.174999,26.795,26.83,24.704931,0.0001008552
26.752501,26.7575,26.205,26.315001,24.230719,0.00016364920000000002
25.6525,26.342501,25.5,26.3375,24.251438,0.0002705976
26.4375,26.4625,25.602501,25.6775,23.643707,0.00022316399999999998
25.139999,25.592501,24.967501,25.174999,23.181009,0.00027382960000000005
24.67,25.032499,24.1075,24.112499,22.202669,0.0003243776
24.637501,24.7775,24.190001,24.24,22.320068,0.000283192
24.7425,24.764999,24.334999,24.6325,22.681482,0.0001989576
25.137501,25.172501,24.709999,24.99,23.010664,0.00019661680000000002
25.08,25.297501,24.325001,24.3475,22.41905,0.0002497584
24.49,25.120001,23.934999,24.879999,22.909378,0.0002526804
24.049999,24.4275,23.84,24.282499,22.359198,0.0003193356
24.602501,24.6625,23.875,24.165001,22.251013,0.00021235079999999999
23.775,24.547501,23.355,24.1975,22.280935,0.0002893376
24.264999,24.469999,23.735001,24.075001,22.16814,0.000208646
24.657499,25.365,24.592501,25.355,23.346752,0.000263202
25.379999,25.3825,24.8025,24.860001,22.890966,0.000207178
24.9825,25.219999,24.5175,24.997499,23.01757,0.000300308
24.01,24.157499,23.334999,23.355,21.505165,0.0005334787999999999
23.4475,23.629999,23.0975,23.522499,21.659403,0.0002227152
23.6975,24.334999,23.5875,24.334999,22.407541,0.000257666
24.1175,24.1775,23.85,24.1075,22.198065,0.000163774
23.855,24.01,23.57,23.620001,21.74918,0.0001494288
23.75,24.209999,23.52,24.0875,22.179647,0.0001838572
23.965,24.3325,23.797501,24.15,22.357861,0.0001858868
24.129999,24.23,23.422501,23.504999,21.760721,0.0001856724
23.282499,23.924999,23.26,23.752501,21.989862,0.0002160856
23.5725,23.985001,23.4825,23.747499,21.985233,0.0001773248
23.98,24.0875,23.525,23.567499,21.818588,0.0001693744
23.4475,23.68,23.147499,23.424999,21.686663,0.0002002988
23.547501,23.625,23.252501,23.497499,21.753786,0.0001614056
23.754999,24.2125,23.6525,24.16,22.367117,0.0001962316
24.1675,24.5525,24.0375,24.530001,22.709665,0.0001794528
24.709999,24.7225,24.022499,24.065001,22.279169,0.000156084
24.0,24.190001,23.950001,24.01,22.228251,0.00014149680000000002
24.077499,24.225,23.98,24.219999,22.422665,0.0001371232
24.1,24.125,23.637501,23.672501,21.915798,0.0001277704
23.495001,24.094999,23.33,24.025,22.242138,0.0001450228
24.012501,24.190001,23.8125,24.190001,22.394894,0.0001103308
24.299999,24.504999,24.145,24.227501,22.429607,0.0001159644
24.215,24.557501,24.1625,24.172501,22.378695,0.0001408652
24.4125,25.192499,24.355,25.1325,23.267452,0.0002016284
25.127501,25.2225,24.91,25.1875,23.318369,0.0001326784
25.145,25.4275,25.112499,25.375,23.491959,0.0001478228
25.592501,25.9375,25.342501,25.752501,23.841436,0.00018422040000000002
25.5975,25.7075,25.24,25.467501,23.577593,0.0001433156
25.195,25.440001,25.1,25.2575,23.383175,0.0001262476
25.327499,25.395,25.067499,25.280001,23.404005,0.00010880679999999999
25.352501,25.559999,25.0375,25.2925,23.415581,0.0001340544
25.559999,25.57,25.375,25.565001,23.667856,0.0001096328
25.477501,25.727501,25.445,25.629999,23.728031,0.0001003044
25.99,26.295,25.9625,26.145,24.204813,0.0001602708
26.1525,26.577499,26.147499,26.4925,24.526527,0.000153214
26.379999,26.6175,26.24,26.450001,24.487185,0.00013768279999999998
26.584999,26.625,26.297501,26.48,24.514957,0.00017682079999999998
26.4825,26.9125,26.285,26.477501,24.512644,0.00014201079999999998
26.3125,26.8225,26.3025,26.68,24.700111,0.00012977760000000002
26.620001,26.7675,26.475,26.532499,24.563555,0.000102814
26.3675,26.5625,26.2225,26.4175,24.457092,0.000104532
26.5,26.547501,26.264999,26.297501,24.345995,7.764560000000001e-05
26.2225,26.9475,26.219999,26.92,24.922306,0.0001247604
27.1625,27.605,27.15,27.389999,25.357428,0.0001824044
27.43,27.475,27.219999,27.247499,25.225496,0.0001035536
27.195,27.5,27.049999,27.497499,25.456949,0.000103496
27.605,28.047501,27.567499,27.780001,25.718485,0.0001494248
27.377501,27.682501,27.355,27.452499,25.415283,0.0001063148
27.557501,27.745001,27.299999,27.74,25.681454,0.0001056164
27.487499,27.605,27.030001,27.135,25.121351,0.0001272076
27.227501,27.442499,27.0425,27.165001,25.14912,9.43268e-05
27.2425,27.6525,27.2075,27.254999,25.232445,0.00011763
27.334999,27.625,27.165001,27.610001,25.561104,0.0001089292
27.700001,28.084999,27.700001,28.01,25.931416,0.0001330292
27.905001,28.0975,27.8325,28.025,25.945301,0.0001018956
28.0275,28.075001,27.432501,27.4625,25.424547,0.000187756
27.2225,27.237499,26.735001,26.870001,24.876019,0.000243286
26.969999,27.0,26.557501,26.727501,24.744089,0.0001295396
26.66,27.022499,26.514999,26.782499,24.795006,0.000122444
26.7325,26.7325,26.379999,26.4925,24.526527,0.00012621
26.252501,26.620001,26.155001,26.42,24.459412,0.0001347324
26.25,26.4125,26.127501,26.27,24.320543,0.0001121264
25.977501,26.325001,25.977501,26.0875,24.151581,0.0002240648
24.0,24.6775,23.92,24.455,22.640228,0.00045840839999999997
24.4025,24.469999,23.5625,23.7075,21.948198,0.0003289708
23.497499,23.68,23.127501,23.434999,21.695919,0.00027412599999999997
23.4925,23.52,23.1,23.41,21.672777,0.0001926404
23.549999,23.934999,23.42,23.795,22.029207,0.0002273252
23.799999,23.975,23.455,23.547501,21.800072,0.000164102
23.5,23.5175,23.17,23.309999,21.711586,0.00014356200000000002
23.342501,23.362499,22.9625,23.18,21.590502,0.0001747996
23.25,23.442499,23.147499,23.1975,21.6068,0.0001317456
23.3325,23.3925,23.0275,23.355,21.7535,0.0001347472
23.370001,23.3925,23.115,23.127501,21.541599,0.0001148764
23.18,23.195,22.3675,22.584999,21.036304,0.0003052588
22.5,22.9175,22.5,22.629999,21.078209,0.0001775712
23.0975,23.5975,22.9125,23.469999,21.860613,0.00024503919999999997
23.637501,23.674999,23.252501,23.372499,21.7698,0.0001876676
23.540001,23.8025,23.4725,23.639999,22.018957,0.0001682496
23.66,23.66,23.3925,23.549999,21.935129,0.0001217684
23.66,23.8575,23.629999,23.805,22.172644,0.000128104
23.967501,24.297501,23.9175,24.1075,22.454401,0.0001520744
24.305,24.522499,24.209999,24.475,22.796701,0.0001405608
24.6675,24.934999,24.5275,24.905001,23.197218,0.0001526752
24.92,25.182501,24.66,25.102501,23.381178,0.0002253248
24.860001,25.1175,24.8125,25.0875,23.367199,0.00014536480000000001
24.9,25.1,24.705,24.965,23.253099,0.0001692288
24.754999,24.885,24.5825,24.615,22.927105,0.0001166932
24.4,24.459999,24.157499,24.43,22.754784,0.0001607664
24.4475,24.567499,24.362499,24.48,22.801361,0.0001140196
24.497499,25.4725,24.387501,24.657499,22.966686,9.317e-05
24.8125,24.967501,24.74,24.7575,23.059826,8.963800000000001e-05
24.754999,24.889999,24.67,24.735001,23.038874,8.339239999999999e-05
24.625,24.997499,24.615,24.9125,23.204197,0.00010640560000000001
24.6325,24.8375,24.620001,24.7075,23.013258,0.0001268516
24.672501,24.780001,24.275,24.334999,22.666298,0.000152082
24.33,24.620001,24.1875,24.365,22.694244,0.0001277276
24.455,24.602501,24.2575,24.285,22.619726,0.0001177808
24.112499,24.4375,24.0175,24.387501,22.7152,0.0001253072
24.155001,24.1625,23.825001,23.8325,22.198259,0.0002440328
24.0,24.1425,23.7575,23.775,22.144697,0.0001376476
23.735001,24.0875,23.67,23.977501,22.333319,0.00014218559999999998
24.0625,24.2225,23.8375,23.887501,22.249485,0.0001168764
23.985001,24.0725,23.8125,24.025,22.37756,0.00012896080000000001
23.227501,23.665001,23.1625,23.35,21.748844,0.00030124560000000005
23.25,23.262501,22.875,23.01,21.432159,0.00018195840000000002
23.225,23.415001,23.035,23.397499,21.793083,0.00016177959999999999
23.4925,23.637501,23.407499,23.6,21.981701,0.000146124
23.610001,23.942499,23.575001,23.9,22.261129,0.00014334559999999998
23.872499,24.1175,23.8325,23.9725,22.328655,0.000104106
23.8475,23.85,23.615,23.747499,22.119089,0.0001108208
23.65,23.915001,23.592501,23.8825,22.244827,0.0001237964
23.924999,24.125,23.905001,23.985001,22.3403,0.00010055840000000001
24.122499,24.2225,24.012501,24.17,22.512611,0.00011564839999999999
24.1875,24.4125,24.182501,24.245001,22.582468,9.517959999999999e-05
24.2925,24.424999,24.280001,24.355,22.684929,9.667000000000001e-05
24.352501,24.4175,24.209999,24.217501,22.556858,0.0001035688
24.3475,24.747499,24.33,24.6975,23.003944,0.000155676
24.73,24.825001,24.625,24.695,23.001612,0.000120548
24.674999,25.032499,24.65,24.9575,23.246113,0.0001459756
24.889999,25.0,24.834999,24.967501,23.25543,9.511960000000001e-05
25.0,25.115,24.934999,24.99,23.276384,0.000105104
24.9575,25.25,24.782499,24.8575,23.152969,0.000130808
24.815001,24.825001,24.577499,24.665001,22.973673,0.0001132548
24.5625,24.709999,24.23,24.334999,22.666298,0.0001615316
24.205,24.4925,24.105,24.1675,22.510286,0.0002249592
26.067499,26.0875,25.6875,25.737499,23.972631,0.00036937920000000004
25.7075,26.112499,25.705,26.084999,24.296299,0.00015947919999999998
26.047501,26.137501,25.92,26.0525,24.266026,0.0001109348
26.102501,26.5375,26.102501,26.512501,24.694487,0.00015267160000000002
26.512501,26.5175,26.0,26.120001,24.328899,0.00013526640000000002
26.202499,26.459999,26.192499,26.4475,24.633942,0.0001208104
26.395,26.5,26.32,26.467501,24.786119,0.0001096348
26.567499,26.9125,26.545,26.870001,25.16305,0.00016221360000000002
26.879999,27.092501,26.790001,27.092501,25.371418,0.0001121488
27.057501,27.235001,27.002501,27.202499,25.474424,0.00010526080000000001
27.1775,27.225,26.940001,27.0,25.284786,9.603400000000001e-05
27.129999,27.2325,26.9625,26.9825,25.268402,0.000109938
26.945,27.110001,26.945,27.045,25.326935,7.46416e-05
27.035,27.385,27.02,27.370001,25.631287,0.0001034728
27.407499,27.557501,27.3025,27.344999,25.60787,0.0001351776
27.275,27.342501,27.084999,27.305,25.570415,0.00010142400000000001
27.307501,27.4,27.254999,27.27,25.537638,8.79388e-05
27.192499,27.422501,27.09,27.34,25.603193,0.0001014724
27.215,27.275,26.9625,27.127501,25.404194,0.0001032808
27.147499,27.33,27.1325,27.2125,25.483791,8.50308e-05
27.1425,27.1875,26.92,27.0075,25.291819,9.47004e-05
26.8475,26.969999,26.67,26.8925,25.184118,0.0001003448
26.852501,26.987499,26.577499,26.735001,25.036625,0.00011106520000000001
26.655001,26.860001,26.5725,26.705,25.008532,9.98812e-05
26.450001,26.625,26.375,26.5,24.816557,9.94556e-05
26.415001,26.6425,26.41,26.525,24.839966,0.00011864960000000001
26.535,26.700001,26.405001,26.682501,24.987463,0.000106806
26.924999,27.0,26.705,26.932501,25.221579,0.00010721
26.975,27.075001,26.877501,26.924999,25.214552,0.0001075216
26.9575,27.190001,26.7675,27.09,25.369072,0.0001694572
26.8125,26.817499,26.309999,26.379999,24.70418,0.00021200800000000002
26.16,26.43,25.782499,25.782499,24.144636,0.000186228
25.6625,26.43,25.6325,26.360001,24.685444,0.0001811712
26.877501,27.1975,26.809999,26.987499,25.273083,0.0002487048
27.182501,28.2575,27.15,27.942499,26.167412,0.0004435548
28.465,28.932501,28.372499,28.8925,27.057068,0.0003599344
28.780001,29.032499,28.51,28.73,26.904894,0.0003195476
28.797501,29.045,28.3125,28.395,26.591169,0.000188092
28.262501,28.530001,28.127501,28.3925,26.588833,0.00013805719999999998
28.4625,28.497499,28.110001,28.387501,26.584146,0.0001440128
28.5875,28.735001,28.5,28.655001,26.834652,0.000124296
28.605,28.6975,27.887501,28.1775,26.387491,0.0002099248
27.91,28.3475,27.887501,28.219999,26.42729,0.0001194776
28.25,28.295,28.084999,28.272499,26.476454,9.842959999999999e-05
28.422501,28.66,28.3575,28.487499,26.677795,0.00011856440000000001
28.290001,28.450001,27.950001,28.045,26.263405,0.000143548
28.115,28.342501,27.950001,28.262501,26.467089,0.0001455164
28.1775,28.262501,28.07,28.129999,26.343006,8.68072e-05
28.264999,28.577499,28.157499,28.25,26.455385,0.0001189472
28.35,28.415001,28.172501,28.262501,26.467089,8.58124e-05
28.424999,28.584999,28.282499,28.4725,26.663748,0.0001151172
28.577499,28.639999,28.377501,28.514999,26.703552,9.74336e-05
28.754999,29.1875,28.68,29.012501,27.169443,0.000144944
29.424999,29.672501,29.049999,29.075001,27.227982,0.00025616399999999997
29.3375,29.495001,29.1875,29.334999,27.47146,0.0001503472
29.1975,29.360001,28.93,29.245001,27.387178,0.0001407696
29.469999,29.5425,29.282499,29.407499,27.539354,0.0001426088
29.3325,29.459999,29.195,29.387501,27.520622,9.44996e-05
29.545,29.5525,29.362499,29.3675,27.501894,9.8214e-05
29.3125,29.440001,28.450001,29.280001,27.419952,8.01384e-05
29.215,29.344999,29.0825,29.264999,27.405905,9.650320000000001e-05
29.202499,29.227501,29.07,29.15,27.298206,9.27708e-05
29.275,29.434999,29.25,29.4125,27.544035,9.41548e-05
29.487499,29.59,29.327499,29.5625,27.684507,0.000192516
28.577499,28.924999,28.327499,28.897499,27.06175,0.0002645368
28.8475,28.965,28.525,28.620001,26.801876,0.000138248
28.467501,28.8025,28.362499,28.43,26.623953,0.0001514468
28.4125,28.557501,28.299999,28.385,26.581812,0.0001056776
28.365,28.442499,27.6325,27.872499,26.101864,0.0001753032
27.85,28.0875,27.807501,27.897499,26.125277,0.00011332680000000001
27.745001,27.865,27.387501,27.4575,25.845247,0.0001077304
27.1325,27.5625,27.0275,27.209999,25.61228,0.000123348
27.52,27.627501,27.365,27.602501,25.981737,0.00013024
27.577499,27.93,27.424999,27.764999,26.134687,9.701680000000001e-05
27.469999,27.83,27.012501,27.719999,26.092333,0.0002367056
27.772499,27.772499,26.4575,26.9475,25.365196,0.000228538
26.780001,27.217501,26.637501,27.1075,25.515795,0.00013657560000000001
26.9275,26.952499,26.02,26.4275,24.875725,0.000204702
26.6425,26.92,26.540001,26.7775,25.205173,0.00012905799999999998
26.674999,27.557501,26.65,27.497499,25.882895,0.000235362
27.452499,27.5875,27.2075,27.487499,25.873486,0.00011052800000000001
27.43,27.635,27.415001,27.514999,25.899366,0.00011371559999999999
27.530001,27.997499,27.502501,27.932501,26.292353,0.0001170584
27.987499,28.105,27.85,27.950001,26.30883,0.00010386199999999999
27.84,27.877501,27.5825,27.807501,26.174694,0.00010970560000000001
27.782499,27.967501,27.737499,27.9475,26.306475,4.59036e-05
27.8575,28.1175,27.8475,27.8925,26.254705,0.00010877599999999999
27.695,28.0075,27.5175,27.865,26.228811,0.0001141152
27.9,28.049999,27.567499,27.629999,26.007614,0.00014464920000000002
27.592501,27.735001,27.2575,27.372499,25.76523,0.0001483476
27.2925,27.522499,27.2125,27.475,25.861712,0.00010611199999999999
27.5,27.5075,27.0625,27.2775,25.675816,0.000137298
27.375,27.59,27.297501,27.487499,25.873486,0.000104782
27.315001,27.797501,27.290001,27.7575,26.127632,0.00011999479999999999
27.715,28.1075,27.65,28.030001,26.38413,0.0001082732
28.077499,28.674999,28.077499,28.487499,26.814764,0.0001376104
28.3225,28.75,28.122499,28.325001,26.661804,0.00010549760000000001
28.459999,28.98,28.4375,28.797501,27.106558,0.00017493520000000002
28.76,29.049999,28.745001,28.797501,27.106558,0.00013612719999999998
28.844999,29.182501,28.807501,28.955,27.254812,0.00018609800000000002
29.1175,29.125,28.9125,28.9925,27.290113,0.0001774044
28.950001,29.344999,28.9375,29.16,27.447777,0.0001111176
29.184999,29.375,29.17,29.237499,27.520725,8.570000000000001e-05
29.200001,29.35,29.195,29.264999,27.546612,9.51328e-05
29.0875,29.127501,28.91,29.0725,27.365417,0.0001043436
28.897499,29.129999,28.897499,29.129999,27.419537,5.6998e-05
29.129999,29.450001,29.122499,29.315001,27.593679,7.31876e-05
29.379999,29.504999,29.049999,29.190001,27.476017,8.36236e-05
29.112499,29.2775,29.1,29.182501,27.468958,6.0158e-05
29.1625,29.299999,28.8575,28.955,27.254812,0.0001223452
28.950001,29.0825,28.690001,29.0375,27.332472,0.0001151276
28.9625,29.127501,28.9375,29.004999,27.301882,8.447239999999999e-05
28.98,29.215,28.952499,29.1525,27.44072,8.87744e-05
29.195,29.540001,29.1175,29.477501,27.746635,0.0001270076
29.487499,29.8575,29.485001,29.747499,28.00078,0.0001342476
29.692499,29.844999,29.575001,29.7775,28.02902,9.78484e-05
29.684999,29.9825,29.65,29.9375,28.179626,0.0001103544
29.725,29.825001,29.5525,29.8125,28.061964,0.0001083448
29.7775,29.905001,29.702499,29.76,28.012547,0.0001044476
29.584999,30.059999,29.555,30.0,28.238459,0.00013775919999999998
30.0,30.125,29.9275,29.997499,28.236099,9.4852e-05
29.85,30.022499,29.842501,29.945,28.186682,0.0001023892
30.112499,30.112499,29.932501,30.0,28.238459,0.0001303916
30.0,30.202499,29.942499,30.02,28.25728,8.82008e-05
29.887501,30.025,29.875,29.9925,28.231396,9.2844e-05
30.105,30.525,30.07,30.469999,28.680853,0.0001295104
30.4175,30.610001,30.4,30.485001,28.694981,0.00010535039999999999
30.535,30.5875,30.4,30.487499,28.697329,8.22516e-05
30.2325,30.407499,30.165001,30.407499,28.622028,0.00012151000000000001
30.2875,30.3475,30.155001,30.3375,28.556139,0.000196804
31.7575,32.622501,31.752501,32.1875,30.297508,0.00044794
31.995001,32.3475,31.945,32.1325,30.245741,0.0001348416
32.077499,32.297501,32.040001,32.27,30.375166,9.80292e-05
32.282501,32.625,32.224998,32.572498,30.659901,0.0001073836
32.634998,33.022499,32.612499,32.8825,30.951704,0.0001527352
32.837502,33.055,32.805,33.009998,31.071714,9.201640000000001e-05
32.912498,33.112499,32.779999,33.105,31.296236,0.0001133996
33.115002,33.235001,33.012501,33.029999,31.225332,8.0262e-05
33.27,33.455002,33.1875,33.322498,31.501852,9.21416e-05
33.3675,33.772499,33.3125,33.755001,31.910723,0.0001329048
33.880001,34.067501,33.654999,33.877499,32.026535,0.0001424924
33.9175,33.974998,33.709999,33.837502,31.988714,9.033839999999999e-05
33.775002,33.9575,33.775002,33.93,32.076157,8.87928e-05
34.057499,34.1875,33.994999,34.174999,32.307777,9.80288e-05
34.107498,34.279999,34.0275,34.2775,32.404678,8.33476e-05
34.345001,34.369999,34.075001,34.1325,32.267593,8.31528e-05
33.977501,34.165001,33.82,34.165001,32.298328,8.710639999999999e-05
34.285,34.360001,34.07,34.232498,32.362125,8.10296e-05
34.27,34.360001,34.174999,34.247501,32.376316,9.393160000000001e-05
34.4725,35.037498,34.400002,34.947498,33.038067,0.0001456584
35.0,35.07,34.689999,34.740002,32.841908,0.00010484399999999999
34.695,34.9575,34.647499,34.945,33.035709,8.44324e-05
34.842499,34.942501,34.650002,34.834999,32.931713,8.7e-05
34.764999,34.994999,34.697498,34.880001,32.974247,6.97852e-05
34.737499,34.950001,34.705002,34.75,32.85136,7.48288e-05
34.685001,34.697498,34.262501,34.669998,32.775726,8.86236e-05
34.8125,34.84,34.66,34.785,32.884449,7.84512e-05
34.712502,34.857498,34.705002,34.799999,32.898621,6.968680000000001e-05
34.825001,34.912498,34.709999,34.747501,32.848999,6.123640000000001e-05
34.852501,35.1875,34.7575,35.115002,33.196411,0.0001027672
35.18,35.255001,35.064999,35.172501,33.250774,7.692799999999999e-05
35.25,35.25,34.9725,34.997501,33.085339,0.00017554
35.099998,35.375,35.057499,35.365002,33.432755,8.6168e-05
35.5275,35.700001,34.932499,34.959999,33.049881,0.00015811959999999998
34.962502,35.400002,34.939999,35.355,33.423306,0.0001034408
35.314999,35.395,35.1525,35.23,33.305134,8.13852e-05
35.375,35.435001,35.087502,35.16,33.238949,8.958240000000001e-05
34.8475,35.305,34.654999,35.220001,33.295681,9.43004e-05
35.227501,36.009998,35.154999,35.950001,33.985794,0.0001334992
35.919998,36.122501,35.797501,36.029999,34.06142,0.00011676
36.047501,36.125,35.875,35.982498,34.016518,8.48292e-05
35.93,36.067501,35.752499,35.915001,33.952702,7.86468e-05
35.927502,36.029999,35.762501,35.924999,33.962162,7.99428e-05
35.8125,36.2225,35.7925,36.192501,34.215054,7.95656e-05
36.055,36.365002,35.952499,36.005001,34.037788,0.0001108716
36.072498,36.130001,35.862499,35.915001,33.952702,8.4596e-05
35.932499,36.044998,35.817501,35.834999,33.877075,6.66888e-05
35.900002,35.970001,35.724998,35.7925,33.836891,7.573359999999999e-05
35.735001,35.837502,35.014999,35.407501,33.472935,0.0001215176
35.400002,35.537498,35.252499,35.450001,33.513107,8.14e-05
35.477501,35.595001,35.262501,35.262501,33.335846,7.129160000000001e-05
35.369999,35.470001,35.217499,35.4575,33.520199,6.632840000000001e-05
35.352501,35.509998,35.2775,35.299999,33.3713,5.879e-05
35.470001,35.5,35.112499,35.169998,33.248398,6.931359999999999e-05
35.305,35.73,35.290001,35.610001,33.664368,9.327840000000001e-05
35.610001,35.669998,35.462502,35.567501,33.624203,6.928360000000001e-05
35.875,35.987499,35.794998,35.91,33.947975,6.85372e-05
35.977501,36.224998,35.967499,36.1325,34.158314,7.5486e-05
36.1175,36.150002,35.845001,35.919998,33.957428,8.01648e-05
35.98,36.040001,35.827499,35.947498,33.983433,5.69852e-05
36.022499,36.075001,35.817501,35.912498,33.950344,8.344159999999999e-05
36.275002,36.799999,36.240002,36.645,34.642818,0.00013441159999999999
36.884998,37.022499,36.709999,36.877499,34.862621,0.0001814088
36.397499,36.872501,36.067501,36.764999,34.756264,0.000182788
36.630001,36.785,36.452499,36.6325,34.631001,9.34876e-05
36.689999,37.244999,36.689999,37.240002,35.205315,0.0001093108
37.2575,38.424999,37.2575,38.252499,36.162487,0.00019500960000000002
38.467499,38.720001,38.362499,38.497501,36.394108,0.0001565216
38.407501,38.485001,38.0275,38.314999,36.221577,0.00010322280000000001
38.112499,38.517502,38.077499,38.487499,36.534824,0.0001090204
38.674999,39.105,38.6675,39.025002,37.045067,0.000130108
39.002499,39.162498,38.762501,38.924999,36.950138,0.0001040388
38.985001,39.014999,38.68,38.8675,36.895557,8.0194e-05
38.400002,38.642502,37.427502,37.5625,35.656761,0.0002030708
37.817501,38.334999,37.782501,38.134998,36.200207,0.00013427279999999998
38.345001,38.494999,38.157501,38.264999,36.323616,0.00010784319999999999
38.5,38.645,38.227501,38.497501,36.544331,9.18656e-05
38.724998,38.724998,38.327499,38.450001,36.499237,7.96756e-05
38.459999,38.5425,38.1675,38.334999,36.390072,7.671200000000001e-05
38.432499,38.587502,38.2575,38.467499,36.515842,7.694240000000001e-05
38.5,38.560001,38.327499,38.4025,36.454147,8.771040000000001e-05
38.355,38.607498,38.3325,38.4175,36.468384,8.05076e-05
38.4925,38.5425,38.095001,38.189999,36.252426,9.78048e-05
38.2925,38.3325,38.055,38.294998,36.3521,6.56164e-05
38.395,38.862499,38.2225,38.862499,36.890808,0.0001110828
38.584999,38.612499,38.365002,38.482498,36.530083,0.0001013268
38.474998,38.952499,38.445,38.612499,36.653492,0.0001064996
38.755001,38.994999,38.619999,38.842499,36.871815,8.427840000000001e-05
38.8125,38.884998,38.599998,38.747501,36.781643,8.500320000000001e-05
38.797501,38.797501,36.505001,37.244999,35.355362,0.0002595308
36.435001,36.522499,35.627499,36.355,34.510529,0.00028922919999999996
36.790001,36.862499,36.287498,36.647499,34.788189,0.00013666159999999999
36.875,36.875,35.959999,36.290001,34.448818,0.0001261248
35.830002,36.119999,35.552502,36.072498,34.242352,0.00012866159999999998
35.945,36.125,35.549999,35.567501,33.762985,0.0002014444
35.915001,36.685001,35.915001,36.584999,34.728859,0.0001301656
36.717499,36.717499,36.235001,36.252499,34.413223,9.96004e-05
36.380001,36.517502,36.1525,36.467499,34.61731,8.50632e-05
36.442501,36.674999,36.279999,36.407501,34.56036,7.64252e-05
36.282501,36.790001,36.2775,36.57,34.714607,0.0001417576
36.7925,37.07,36.345001,36.455002,34.605457,0.00010276959999999999
36.252499,36.540001,35.904999,35.932499,34.109455,9.90476e-05
36.122501,36.5275,35.790001,36.4575,34.607822,8.83296e-05
36.177502,36.282501,35.57,35.919998,34.097607,0.0001259976
36.112499,36.240002,35.945,36.005001,34.17828,9.209640000000001e-05
36.220001,36.325001,35.775002,35.875,34.054871,5.7111199999999996e-05
35.922501,36.197498,35.68,36.022499,34.194897,8.62784e-05
35.755001,35.875,35.602501,35.682499,33.872147,9.65152e-05
35.724998,36.1875,35.724998,36.044998,34.216244,7.68068e-05
36.0275,36.487499,35.842499,36.264999,34.425091,8.436239999999999e-05
36.182499,36.462502,36.095001,36.3825,34.536633,7.91272e-05
36.467499,36.544998,36.205002,36.435001,34.586468,9.9538e-05
36.375,37.122501,36.360001,36.942501,35.068218,0.0001007976
36.9925,37.3325,36.8325,37.259998,35.369614,8.05284e-05
37.205002,37.724998,37.142502,37.389999,35.493008,9.517400000000001e-05
37.299999,37.532501,37.1675,37.52,35.616417,7.14752e-05
37.619999,37.855,37.487499,37.755001,35.839497,8.3692e-05
37.875,37.935001,37.547501,37.584999,35.678123,6.89748e-05
37.497501,37.610001,37.220001,37.567501,35.661518,0.0001050104
37.645,38.110001,37.474998,38.022499,36.093418,8.597280000000001e-05
37.950001,38.459999,37.950001,38.185001,36.247681,7.54156e-05
38.337502,38.482498,38.264999,38.365002,36.418545,6.3124e-05
38.4375,38.497501,36.825001,37.639999,35.730324,0.0001299052
37.4725,37.557499,37.297501,37.375,35.478779,6.88548e-05
37.474998,37.5825,37.032501,37.182499,35.296043,7.93836e-05
37.275002,37.555,37.102501,37.512501,35.609303,0.0001414744
39.82,39.9375,39.040001,39.285,37.291878,0.0002797472
39.262501,39.302502,38.755001,38.892502,36.919285,0.00010838920000000001
39.017502,39.349998,38.922501,39.0975,37.113888,8.22396e-05
39.264999,39.73,39.1675,39.702499,37.68819,8.74812e-05
39.650002,40.4575,39.567501,40.02,37.989578,0.0001448236
39.814999,40.317501,39.7775,40.264999,38.222145,0.000104526
39.974998,40.0,38.657501,38.830002,37.004711,0.0001632172
39.150002,39.642502,39.017502,39.369999,37.519325,0.0001050284
39.830002,40.052502,39.6875,39.962502,38.083969,8.849079999999999e-05
40.165001,40.549999,40.035,40.400002,38.500904,0.00011786199999999999
40.485001,40.627499,40.037498,40.237499,38.346046,0.0001106864
40.130001,40.177502,39.459999,39.465,37.609859,0.0001117624
39.465,39.875,39.18,39.375,37.52409,0.0001097124
39.375,39.4725,38.7775,39.302502,37.454987,0.000105474
39.557499,40.0,39.505001,39.945,38.067299,8.64184e-05
39.767502,40.1175,39.720001,39.994999,38.114933,7.759640000000001e-05
40.107498,40.185001,39.637501,39.817501,37.945778,7.92756e-05
39.912498,40.139999,39.817501,39.965,38.086353,0.0001019204
40.035,40.5,39.982498,40.3675,38.469929,0.00010386400000000001
40.025002,40.779999,40.0,40.727501,38.813004,0.0001180676
40.950001,40.9725,40.6525,40.837502,38.917835,0.0001090784
40.91,41.130001,40.869999,41.0,39.072704,0.0001071404
41.200001,41.235001,40.907501,41.012501,39.084602,6.63644e-05
40.9375,41.0625,40.139999,40.52,38.615261,0.00011787399999999999
40.677502,40.747501,40.130001,40.477501,38.574757,8.66068e-05
40.522499,40.560001,40.09,40.314999,38.419903,8.7714e-05
40.215,40.287498,39.6325,39.657501,37.793312,0.000114446
40.125,40.512501,39.9725,40.375,38.47707,0.0001263232
40.6525,40.990002,39.692501,40.215,38.324596,0.000286856
39.967499,39.990002,39.477501,39.912498,38.036312,0.0001796296
39.747501,39.849998,39.522499,39.57,37.709919,9.50428e-05
39.6175,40.2425,39.5,39.970001,38.091114,0.00019645840000000002
40.0275,40.125,39.5,39.6675,37.802834,0.0001130776
39.877499,39.942501,39.610001,39.682499,37.817135,8.32424e-05
39.474998,39.564999,38.4575,39.017502,37.183395,0.0002118056
38.950001,38.950001,38.1875,38.3475,36.544891,0.00015004679999999998
37.884998,38.067501,37.639999,37.9725,36.187511,0.0001865816
37.497501,37.9575,37.290001,37.637501,35.868256,0.0001775492
37.945,38.48,37.922501,38.285,36.485332,0.00014664
38.450001,38.68,38.384998,38.557499,36.745014,0.00010201680000000001
38.4725,38.57,38.174999,38.32,36.518684,8.8022e-05
38.302502,38.532501,38.0,38.529999,36.718807,0.00010519920000000001
38.564999,38.612499,38.18,38.452499,36.644958,7.479519999999999e-05
38.502499,38.772499,38.477501,38.619999,36.804581,6.49212e-05
38.407501,38.465,38.115002,38.369999,36.56633,8.065519999999999e-05
38.544998,38.860001,38.512501,38.8475,37.021385,8.513519999999999e-05
38.7425,38.872501,38.639999,38.825001,36.999943,6.96304e-05
38.952499,39.182499,38.872501,38.959999,37.128593,6.50516e-05
39.014999,39.5,38.775002,38.974998,37.142891,6.2468e-05
38.9925,39.244999,38.9375,39.137501,37.297756,6.76224e-05
39.087502,39.342499,38.932499,39.0,37.16671,6.45004e-05
39.182499,39.32,39.102501,39.247501,37.402569,6.557680000000001e-05
39.474998,40.0,39.412498,39.970001,38.091114,9.6486e-05
39.945,40.217499,39.807499,40.1175,38.231682,7.59892e-05
40.105,40.177502,39.900002,39.939999,38.062531,6.54968e-05
39.1875,39.27,38.755001,38.994999,37.161949,0.00017033680000000002
39.1525,39.4375,38.990002,39.0625,37.226273,9.58964e-05
39.2225,39.422501,38.875,39.0425,37.207226,8.793720000000001e-05
39.072498,39.355,39.049999,39.275002,37.428787,7.10288e-05
39.227501,39.387501,38.817501,39.102501,37.264393,8.48284e-05
39.307499,39.4575,39.195,39.352501,37.502647,6.800199999999999e-05
39.822498,40.900002,39.674999,40.762501,38.846363,0.0001778168
40.9725,42.017502,40.93,41.68,39.720734,0.00017880320000000002
41.974998,42.412498,41.735001,42.259998,40.273468,0.00014418719999999998
42.467499,42.485001,41.4025,41.7225,39.761234,0.0001345512
41.650002,42.125,41.32,42.0275,40.051899,0.0001655736
43.5,43.564999,42.779999,43.125,41.097813,0.00023759440000000002
43.092499,43.747501,42.93,43.5625,41.514748,0.0001401052
43.477501,43.8125,43.400002,43.702499,41.648163,9.7446e-05
43.665001,44.060001,43.5825,44.060001,41.988865,9.7638e-05
43.7775,44.025002,43.285,43.970001,41.90308,0.0001179304
43.7775,43.845001,43.567501,43.6675,41.764408,0.000100582
43.375,43.625,43.349998,43.4925,41.597034,6.792839999999999e-05
43.259998,43.369999,42.794998,42.834999,40.968185,9.913e-05
42.4925,42.580002,42.095001,42.27,40.427814,0.0001166324
42.794998,42.967499,42.575001,42.775002,40.910805,9.455e-05
42.759998,42.8475,42.41,42.537498,40.683651,8.7598e-05
42.572498,42.639999,42.389999,42.494999,40.643005,6.50496e-05
42.695,43.424999,42.695,43.285,41.398582,0.0001005252
43.34,43.75,43.262501,43.740002,41.833748,0.00010235559999999999
43.775002,43.875,43.662498,43.7425,41.836136,5.61068e-05
43.762501,43.77,43.334999,43.522499,41.625721,8.286719999999999e-05
43.575001,43.717499,42.965,43.267502,41.381847,0.0001057152
43.157501,43.23,41.790001,42.369999,40.523449,0.00016666560000000002
42.607498,43.035,42.110001,42.962502,41.090126,0.0001661088
42.487499,42.9175,42.125,42.762501,40.898846,0.00015903720000000002
43.119999,43.154999,42.407501,42.450001,40.599972,0.0001301696
42.264999,42.880001,42.099998,42.41,40.561714,0.0001094008
41.875,42.549999,41.615002,42.252499,40.411072,0.00011423999999999999
42.2575,42.610001,42.227501,42.330002,40.485195,0.0001026932
42.622501,42.75,42.205002,42.342499,40.497154,9.34208e-05
42.299999,43.2225,42.197498,43.1675,41.286201,0.0001410952
43.037498,43.0975,42.865002,42.924999,41.05426,7.763679999999999e-05
43.125,43.384998,43.0,43.067501,41.190548,9.52736e-05
43.099998,43.282501,42.912498,43.055,41.1786,8.190600000000001e-05
43.407501,43.5425,43.115002,43.4925,41.597034,0.0001606772
43.720001,44.299999,43.715,44.105,42.182831,0.0001176844
43.7575,43.8475,43.522499,43.634998,41.733318,0.0001097456
43.717499,43.855,43.3125,43.587502,41.687889,9.39024e-05
43.5425,44.005001,43.525002,43.752499,41.845707,8.37996e-05
43.669998,43.855,43.625,43.752499,41.845707,6.53976e-05
42.700001,42.8675,42.419998,42.642502,40.784073,0.00013274199999999998
42.525002,42.695,42.427502,42.650002,40.791252,8.59928e-05
42.75,42.962502,42.619999,42.77,40.906025,6.59208e-05
42.630001,42.647499,42.305,42.307499,40.463673,0.0001039996
42.540001,43.075001,42.314999,43.064999,41.188164,0.0001022236
43.1325,43.637501,42.990002,43.057499,41.180984,0.0001180716
43.134998,43.3675,43.02,43.2575,41.372272,8.97384e-05
43.360001,43.842499,43.262501,43.75,41.843307,9.464e-05
43.587502,43.9025,43.482498,43.587502,41.687889,8.22712e-05
43.637501,43.764999,43.352501,43.5825,41.683109,8.6336e-05
43.290001,43.575001,43.25,43.572498,41.673546,9.58396e-05
43.647499,43.872501,43.622501,43.82,41.910259,7.46708e-05
44.044998,44.34,43.912498,44.272499,42.34304,0.0001016724
44.474998,44.8475,44.035,44.047501,42.12785,0.00011826359999999999
44.037498,44.8125,43.767502,44.775002,42.823635,0.0001375472
44.842499,45.025002,44.5625,44.814999,42.861897,0.0001247736
44.6525,44.895,44.352501,44.615002,42.670609,0.0001297004
44.325001,44.445,44.150002,44.25,42.321522,0.0001084344
44.325001,44.860001,44.205002,44.259998,42.331074,0.00013075640000000002
44.3125,44.325001,43.299999,43.555,41.656811,0.0002044204
43.627499,43.737499,42.6325,42.7775,40.913189,0.000166116
43.0,43.0,42.514999,42.877499,41.008831,0.000156572
42.540001,42.540001,41.767502,41.990002,40.160019,0.0002025616
41.3825,41.842499,41.174999,41.7425,39.923302,0.00018419280000000002
41.717499,42.110001,41.625,41.857498,40.033291,0.00012991560000000002
41.7925,42.154999,41.689999,41.945,40.11697,0.0001889232
41.5,41.700001,40.025002,40.125,38.376293,0.0003463752
39.775002,40.970001,39.0,39.122501,37.41748,0.000290954
38.7075,40.93,38.5,40.7575,38.981224,0.00027297519999999997
40.772499,40.849998,39.767502,39.884998,38.146751,0.00020643440000000002
40.072498,40.25,38.7575,38.787498,37.097076,0.000217562
39.267502,39.4725,37.560001,39.102501,37.550835,0.0002826904
39.625,40.9725,39.377499,40.677502,39.063335,0.00024327799999999998
40.487499,41.1875,40.412498,41.084999,39.454659,0.0001301968
40.759998,41.884998,40.720001,41.842499,40.182102,0.0001625796
42.447498,43.272499,42.25,43.247501,41.531353,0.0002045888
43.09,43.705002,42.942501,43.107498,41.396915,0.00016070439999999999
43.012501,43.564999,42.855,42.962502,41.25766,0.000135722
43.2075,43.529999,42.752499,42.767502,41.070396,0.0001498864
42.950001,43.487499,42.927502,43.125,41.413712,0.00012396760000000002
43.4175,43.912498,43.384998,43.875,42.133949,0.00013524959999999998
44.087502,44.8475,44.052502,44.7425,42.967026,0.0001526488
44.775002,45.119999,44.540001,44.5975,42.827785,0.0001557124
44.814999,45.154999,44.512501,44.529999,42.762947,0.0001511284
44.634998,44.945,43.165001,43.75,42.013908,0.000195208
43.200001,44.075001,43.112499,44.052502,42.304409,0.000153816
43.802502,44.435001,43.630001,44.205002,42.450851,0.0001136056
44.477501,44.5625,44.032501,44.1675,42.414841,9.515399999999999e-05
43.735001,43.962502,43.567501,43.7575,42.021114,0.000126814
43.869999,44.279999,43.767502,44.235001,42.479675,9.50964e-05
44.490002,45.0,44.3475,44.994999,43.209507,0.00012874080000000002
45.072498,45.5975,45.052502,45.43,43.627247,0.0001288284
45.647499,45.875,44.810001,44.9925,43.207108,0.000126774
45.080002,45.130001,44.452499,44.610001,42.839787,0.0001174736
44.625,45.060001,44.517502,44.662498,42.890198,9.09752e-05
44.662498,44.779999,44.404999,44.505001,42.738956,0.0001576188
44.330002,44.3675,43.415001,43.825001,42.085934,0.00013378720000000003
43.810001,44.200001,43.735001,43.810001,42.071526,7.85976e-05
43.759998,43.772499,42.814999,42.817501,41.118412,0.0001482196
42.5,43.169998,42.150002,42.212502,40.537422,0.0001659632
42.0975,42.48,41.235001,41.235001,39.598709,0.00016411519999999998
42.017502,43.275002,41.610001,43.192501,41.478535,0.00015016480000000002
43.419998,43.787498,41.73,42.084999,40.414989,0.0001636904
41.8125,42.505001,41.297501,41.619999,39.968433,0.000166674
41.952499,42.9375,41.724998,41.945,40.280529,0.000153594
41.66,42.235001,41.1175,41.669998,40.016453,0.0001503472
41.91,42.1875,41.220001,42.0975,40.426987,0.00012111199999999999
41.220001,43.002499,41.192501,42.9025,41.200047,0.000138422
43.145,43.557499,43.02,43.200001,41.485737,0.00010773279999999999
42.7425,43.119999,42.049999,42.095001,40.424587,0.00014002119999999998
42.470001,43.272499,42.462502,42.512501,40.825523,0.00011607080000000001
43.25,43.5,42.8825,43.3125,41.593773,0.0001136344
43.057499,43.48,42.924999,43.110001,41.399307,8.97264e-05
43.352501,43.75,43.259998,43.535,41.807442,9.155719999999999e-05
43.695,43.959999,43.462502,43.682499,41.949089,0.00010049720000000001
43.7575,44.047501,43.7075,43.955002,42.210777,8.63136e-05
44.122501,44.735001,44.102501,44.560001,42.791767,0.0001064216
44.452499,44.705002,44.220001,44.459999,42.695736,8.3018e-05
43.439999,43.8475,43.165001,43.200001,41.485737,0.0001392352
42.650002,42.805,41.357498,41.43,39.785976,0.00026196440000000003
41.7075,41.73,41.022499,41.310001,39.670731,0.000146062
41.4175,41.5825,40.305,40.735001,39.118557,0.000134768
40.654999,41.355,40.602501,40.912498,39.289005,0.0001135284
41.029999,41.432499,40.842499,41.055,39.425854,0.000111852
41.0,41.0825,40.157501,40.580002,38.9697,0.0001426232
40.532501,41.814999,40.459999,41.314999,39.675537,0.0001697096
41.602501,42.299999,41.317501,42.275002,40.597446,0.0002142776
43.807499,44.4375,43.450001,44.142502,42.390835,0.0002661576
43.970001,44.375,43.610001,44.2225,42.467659,0.0001362728
44.5625,46.0625,44.5425,45.9575,44.13382,0.0002248052
46.294998,46.9175,46.1875,46.290001,44.453117,0.0001698056
46.247501,46.555,45.9175,46.512501,44.66679,0.0001136112
46.637501,46.849998,46.305,46.84,44.981285,9.284480000000001e-05
46.935001,47.592499,46.912498,47.509998,45.62471,0.0001119572
47.372501,47.514999,46.862499,47.147499,45.451176,0.0001048488
47.252499,47.3825,46.965,47.037498,45.345139,8.311520000000001e-05
46.695,46.767502,46.275002,46.610001,44.933014,9.47808e-05
46.517502,47.115002,46.5,47.044998,45.352367,7.67324e-05
47.0,47.227501,46.59,46.747501,45.065567,6.9176e-05
46.797501,46.952499,46.532501,46.577499,44.901688,7.31908e-05
47.0,47.317501,46.727501,46.907501,45.219814,7.360320000000001e-05
47.095001,47.220001,46.695,46.790001,45.106541,6.09628e-05
46.587502,47.125,46.439999,47.09,45.395748,8.023359999999999e-05
47.192501,47.209999,46.552502,47.037498,45.345139,9.2936e-05
47.057499,47.412498,46.912498,47.145,45.448765,6.984399999999999e-05
46.900002,47.1875,46.717499,46.974998,45.284885,9.00564e-05
46.93,47.0,46.695,46.875,45.188488,7.4762e-05
46.805,47.057499,46.535,46.717499,45.036648,0.0001099312
46.997501,47.564999,46.9375,47.560001,45.848839,9.376999999999999e-05
47.91,48.355,47.837502,47.9575,46.232037,0.00010506480000000001
48.267502,48.485001,48.09,48.327499,46.58873,8.6264e-05
48.407501,48.52,47.98,48.494999,46.750206,8.37344e-05
48.535,48.549999,48.084999,48.365002,46.624878,8.53888e-05
47.7925,48.0,47.442501,47.924999,46.20071,0.00010662720000000001
47.837502,47.9925,47.552502,47.807499,46.087425,7.3234e-05
47.8475,48.1525,47.787498,48.07,46.340492,6.76444e-05
48.105,48.220001,47.610001,47.674999,45.959702,8.65536e-05
47.887501,47.892502,47.555,47.700001,45.983807,8.644039999999999e-05
47.5075,47.540001,47.064999,47.209999,45.511433,0.0002468768
46.970001,47.305,46.799999,47.185001,45.487335,7.39396e-05
46.285,46.5825,45.862499,46.422501,44.75227,0.000134314
46.587502,46.799999,46.432499,46.625,44.947487,8.251479999999999e-05
46.8125,47.087502,46.235001,46.365002,44.696838,0.0001028476
46.529999,46.537498,46.174999,46.23,44.566689,0.00010880159999999999
45.849998,46.23,45.182499,45.5425,43.903931,0.0001266524
45.747501,46.6325,45.634998,46.107498,44.448597,9.82768e-05
46.307499,46.82,46.0075,46.040001,44.383522,0.0001011412
46.025002,46.552502,45.950001,46.375,44.706482,6.94608e-05
46.572498,46.797501,45.727501,46.2775,44.612488,9.09508e-05
45.955002,46.825001,45.855,46.794998,45.11137,7.09252e-05
46.947498,46.987499,45.884998,45.98,44.325684,5.58192e-05
46.314999,46.602501,46.07,46.349998,44.682373,6.64168e-05
46.355,47.107498,46.299999,46.9925,45.301762,6.99408e-05
47.375,47.669998,47.325001,47.645,45.93079,7.90264e-05
47.677502,47.82,47.544998,47.587502,45.875351,6.37564e-05
47.125,47.445,46.9025,46.970001,45.280075,7.532599999999999e-05
47.3825,47.852501,47.327499,47.7575,46.039238,7.21644e-05
47.77,47.959999,47.724998,47.8325,46.111534,5.0055599999999996e-05
47.880001,48.162498,47.605,47.727501,46.010315,6.01724e-05
47.4375,47.967499,47.299999,47.862499,46.14045,6.2138e-05
47.945,47.950001,47.482498,47.599998,45.887398,6.55736e-05
47.422501,48.137501,47.422501,47.970001,46.244087,8.11472e-05
47.945,48.107498,47.5425,47.860001,46.138042,8.27048e-05
47.669998,47.990002,47.389999,47.9025,46.179012,6.39576e-05
48.112499,48.415001,48.012501,48.25,46.514023,7.47916e-05
48.264999,48.712502,48.107498,48.705002,46.952648,6.68396e-05
48.6525,48.990002,48.4025,48.552502,46.805637,7.6304e-05
48.747501,48.797501,47.525002,47.744999,46.027184,9.609600000000001e-05
47.974998,48.049999,47.267502,47.477501,45.769306,8.4118e-05
47.575001,48.035,47.334999,47.572498,45.860893,0.000157492
49.782501,50.439999,49.327499,50.375,48.562565,0.0002717428
50.145,52.095001,50.087502,51.8475,49.98209,0.00024961600000000003
51.7575,52.185001,51.369999,51.997501,50.12669,0.0001337896
52.0,52.3125,51.767502,52.267502,50.386971,0.0001017016
52.330002,52.375,51.689999,51.7775,49.914604,0.0001023496
51.512501,51.952499,51.130001,51.8125,49.948338,9.0102e-05
52.3825,52.445,51.799999,52.220001,50.341179,9.39704e-05
51.84,52.275002,51.6675,51.8825,50.191231,9.84448e-05
52.327499,52.737499,51.924999,52.217499,50.515308,0.0001035636
52.540001,52.639999,52.064999,52.4375,50.728134,8.299200000000001e-05
52.305,52.685001,52.0825,52.560001,50.846645,0.00011523040000000001
52.9375,53.452499,52.8675,53.330002,51.591549,0.0001140016
53.360001,54.487499,53.290001,54.395,52.621826,0.000141708
54.525002,54.794998,53.7775,53.865002,52.109112,0.0001211508
54.200001,54.297501,53.5075,53.759998,52.007534,0.0001046392
53.525002,54.09,53.459999,53.762501,52.009953,7.60724e-05
53.662498,54.262501,53.650002,53.872501,52.116367,7.55328e-05
54.150002,54.224998,53.7775,54.040001,52.278397,7.39056e-05
54.287498,54.685001,54.0825,54.485001,52.7089,8.210039999999999e-05
54.752499,55.134998,54.73,54.924999,53.134544,9.110720000000001e-05
55.037498,55.872501,54.852501,55.744999,53.927822,0.0001090192
55.8125,57.064999,55.599998,56.2575,54.423615,0.0001951752
56.627499,57.217499,56.5,56.907501,55.052429,0.0001733604
57.102501,57.294998,56.657501,57.09,55.228977,0.0001095604
57.247501,57.4175,56.275002,56.717499,54.868626,0.000133332
56.557499,56.837502,55.325001,55.775002,53.956848,0.00013716
55.462502,56.342499,55.177502,55.325001,53.521515,0.00015047919999999998
55.237499,55.462502,54.1175,54.5825,52.803223,0.000158066
54.502499,56.075001,54.139999,55.962502,54.138237,0.000142996
56.235001,56.25,54.959999,55.267502,53.465897,0.0001971148
55.880001,57.087502,55.642502,56.602501,54.75737,0.00016682560000000002
56.4375,56.709999,55.630001,55.959999,54.135818,0.00012799720000000002
55.537498,55.737499,54.317501,54.470001,52.694386,0.0001487804
54.447498,55.462502,54.279999,54.560001,52.78146,0.0001262868
54.625,54.904999,53.825001,54.592499,52.812897,0.0001084952
55.060001,55.57,54.787498,55.0075,53.214367,0.0001064352
55.195,55.34,54.322498,54.415001,52.641174,0.00038498680000000003
54.205002,55.314999,54.157501,55.197498,53.39817,0.0001107736
54.9375,55.705002,54.924999,55.547501,53.736763,9.82176e-05
55.25,55.9375,54.939999,55.105,53.308685,9.59388e-05
55.955002,56.610001,55.884998,56.237499,54.404266,0.0001207248
56.197498,56.459999,56.005001,56.435001,54.595337,9.17176e-05
56.987499,57.355,56.587502,56.814999,54.962936,9.44032e-05
56.8125,57.5,56.657501,57.32,55.451481,9.91528e-05
57.512501,58.3675,57.445,58.017502,56.126244,0.00011461920000000001
57.695,58.087502,56.682499,56.997501,55.139496,0.000128168
56.990002,57.102501,55.145,56.072498,54.244648,0.000134322
55.552502,56.200001,55.049999,55.942501,54.118881,0.00011865560000000001
55.91,56.817501,55.5625,56.717499,54.868626,0.00010756399999999999
56.365002,56.587502,54.012501,54.09,52.326775,0.0001679624
53.630001,54.875,53.080002,53.612499,51.864841,0.0002124976
55.105,55.720001,54.209999,55.5275,53.717419,0.0001613516
55.290001,55.4575,54.317501,54.34,52.568623,0.000123164
54.732498,55.747501,54.189999,55.537498,53.727085,0.000116736
55.575001,55.66,54.834999,55.297501,53.494915,9.15416e-05
54.465,54.935001,53.25,54.005001,52.244541,0.0001303252
54.514999,55.314999,54.357498,54.827499,53.040226,0.0001323148
54.947498,55.84,54.735001,55.162498,53.364307,0.00011516840000000001
53.9575,55.8125,53.674999,55.682499,53.867359,0.0001550712
55.650002,56.057499,53.634998,53.772499,52.019619,0.000163702
54.427502,55.345001,54.1875,54.950001,53.158745,0.0001194232
53.974998,55.047501,53.1675,54.075001,52.312256,0.0001890336
54.797501,54.922501,51.522499,53.060001,51.330345,0.000183742
52.787498,53.794998,52.317501,53.325001,51.586704,0.00014664
54.220001,55.112499,54.154999,54.715,52.9314,0.00015343559999999998
54.762501,55.59,54.202499,55.555,53.744026,0.0002332928
52.387501,53.412498,51.357498,51.869999,50.179138,0.0003653148
51.075001,51.0975,49.5425,50.397499,48.754642,0.0002646548
50.48,51.18,50.422501,50.942501,49.281876,0.0001275316
51.4925,52.514999,51.032501,52.487499,50.776512,0.0001336976
52.494999,52.529999,51.6875,52.122501,50.59935,0.0001014504
51.387501,51.502499,50.5625,51.1175,49.623711,0.0001374632
49.75,49.962502,48.447498,48.5425,47.123962,0.000204542
47.907501,49.294998,47.862499,48.057499,46.653133,0.0001875316
48.474998,48.619999,46.482498,46.700001,45.335308,0.000243204
47.0975,47.9925,46.724998,47.852501,46.454128,0.0001859152
47.625,48.7425,47.365002,48.3825,46.968636,0.0001477132
47.5,47.674999,46.247501,46.465,45.107174,0.0001677012
44.592499,45.3675,43.877499,44.244999,42.952045,0.0002713008
44.932499,45.067501,44.137501,44.195,42.903507,0.00012449679999999998
43.735001,44.150002,43.025002,43.072498,41.813812,9.4496e-05
43.560001,43.737499,42.564999,43.654999,42.379284,0.000179994
42.877499,43.692501,42.720001,43.560001,42.287064,0.0001655496
44.182499,45.322498,43.732498,45.235001,43.91312,0.00018425
45.665001,45.700001,44.424999,44.887501,43.575775,0.00016708
45.072498,45.0825,44.2575,44.645,43.340355,0.000158126
46.115002,46.235001,45.302502,46.205002,44.854778,0.00016321
45.237499,45.5975,44.067501,44.172501,42.88166,0.00016537719999999999
42.939999,43.695,42.605,43.68,42.403553,0.0001723936
43.372501,43.622501,42.075001,42.122501,40.891579,0.0001691264
41.25,42.522499,40.8325,42.400002,41.160965,0.000248104
42.915001,42.947498,41.75,42.157501,40.925545,0.0001891268
42.599998,42.98,42.255001,42.275002,41.039616,0.0001425108
42.622501,43.142502,42.387501,42.737499,41.488598,0.0001275944
42.25,42.27,41.32,41.369999,40.161068,0.00016281479999999998
41.362499,42.087502,40.682499,40.985001,39.787319,0.0001771516
41.345001,41.8825,41.0975,41.517502,40.304253,0.00013536600000000002
41.5,41.862499,39.772499,40.2225,39.047092,0.0001961892
40.099998,40.5275,38.825001,39.2075,38.061752,0.000259092
39.215,39.540001,37.407501,37.682499,36.581322,0.00038297840000000005
37.037498,37.887501,36.647499,36.7075,35.634819,0.00014867679999999999
37.075001,39.307499,36.68,39.2925,38.144276,0.00023433000000000001
38.959999,39.192501,37.517502,39.037498,37.896721,0.0002124684
39.375,39.630001,38.637501,39.057499,37.916138,0.0001691656
39.6325,39.84,39.119999,39.435001,38.282608,0.00014001400000000002
38.7225,39.712502,38.557499,39.48,38.326294,0.00014815880000000002
35.994999,36.43,35.5,35.547501,34.508709,0.00036524880000000004
36.1325,37.137501,35.950001,37.064999,35.981857,0.0002344284
37.174999,37.2075,36.474998,36.982498,35.901772,0.00021911119999999998
37.389999,37.955002,37.130001,37.6875,36.586174,0.0001641012
37.822498,38.6325,37.407501,38.327499,37.207478,0.0001803964
38.125,38.4925,37.715,38.450001,37.326389,0.0001431228
38.220001,38.424999,37.877499,38.072498,36.959919,0.0001080928
37.712502,37.817501,37.305,37.5,36.404152,0.0001297568
37.567501,38.3475,37.512501,38.267502,37.149227,0.0001148436
38.27,38.970001,38.25,38.735001,37.603065,0.0001222788
38.549999,39.415001,38.314999,38.965,37.826347,0.00011928480000000001
39.375,39.470001,38.994999,39.205002,38.059334,0.00013500399999999998
39.102501,39.182499,38.154999,38.325001,37.205048,0.00012157599999999999
38.537498,38.785,37.924999,38.48,37.355511,9.252240000000001e-05
38.5275,38.619999,37.935001,38.174999,37.059429,0.000101766
38.869999,39.532501,38.580002,39.439999,38.287464,0.000134142
38.947498,39.0825,38.415001,39.075001,37.933125,0.0001047684
39.0625,39.532501,38.5275,38.669998,37.539959,0.0001663488
40.8125,41.537498,40.057499,41.3125,40.105244,0.0002444392
41.5275,42.25,41.139999,41.610001,40.394051,0.00016295840000000002
41.740002,42.244999,41.482498,41.630001,40.413456,0.0001306724
41.852501,42.915001,41.82,42.8125,41.561413,0.000125982
43.215,43.77,43.087502,43.544998,42.272503,0.0001444064
43.662498,43.892502,43.212502,43.560001,42.287064,0.0001129584
43.099998,43.485001,42.584999,42.735001,41.486172,0.0001269668
42.247501,42.665001,42.105,42.602501,41.534924,9.528e-05
42.762501,42.802502,42.3125,42.357498,41.296059,8.39736e-05
42.525002,42.75,42.424999,42.7225,41.651913,8.9134e-05
42.8475,43.119999,42.48,42.544998,41.478867,8.99608e-05
42.427502,42.814999,42.345001,42.700001,41.629974,8.73428e-05
42.8125,42.924999,42.4375,42.605,41.53735,9.85072e-05
42.427502,42.860001,42.372501,42.732498,41.661663,7.58912e-05
42.797501,43.330002,42.747501,43.0075,41.929775,0.0001044576
42.950001,43.092499,42.575001,42.764999,41.693344,6.899880000000001e-05
42.895,43.25,42.845001,43.2425,42.158886,7.56528e-05
43.540001,43.967499,43.487499,43.557499,42.465977,8.74936e-05
43.427502,43.825001,43.2925,43.5825,42.490364,6.82808e-05
43.302502,43.75,43.182499,43.717499,42.621971,0.0001113416
43.580002,43.727501,43.23,43.287498,42.202747,0.00011286159999999999
43.57,43.787498,43.2225,43.7425,42.646358,0.0001035448
43.922501,44.4375,43.4925,43.962502,42.86084,0.0001097448
43.985001,44.0,43.634998,43.8825,42.782848,7.894960000000001e-05
43.6675,43.872501,43.485001,43.630001,42.536671,8.32416e-05
43.467499,43.610001,43.005001,43.125,42.044323,9.91856e-05
42.580002,43.267502,42.375,43.227501,42.14426,9.599760000000001e-05
43.872501,44.779999,43.837502,44.724998,43.604225,0.000128044
45.0,45.6675,44.842499,45.227501,44.094143,0.0001298704
45.5625,45.825001,45.23,45.427502,44.289127,0.00012413
45.974998,46.025002,45.639999,45.932499,44.781471,9.4318e-05
46.212502,46.8325,45.935001,46.529999,45.363998,0.00015617160000000002
46.450001,47.0975,46.447498,47.005001,45.827095,0.0001048792
47.087502,47.247501,46.48,46.6325,45.463928,0.0001265856
46.557499,47.372501,46.182499,47.040001,45.861225,0.0001241408
47.505001,49.0825,47.452499,48.772499,47.550301,0.0002041368
48.834999,49.422501,47.695,47.762501,46.565617,0.0001696308
47.877499,47.994999,46.650002,47.185001,46.002583,0.0001753812
47.915001,48.220001,46.145,46.697498,45.527306,0.000199202
47.1875,47.439999,46.637501,47.1175,45.936779,0.0001193936
47.237499,47.389999,46.8825,47.18,45.997704,8.312160000000001e-05
47.4575,47.52,47.134998,47.487499,46.297508,9.4256e-05
47.91,47.919998,47.095001,47.810001,46.611931,0.000111448
47.772499,48.615002,47.762501,48.505001,47.289509,9.106279999999999e-05
48.3125,49.125,48.287498,48.837502,47.613678,9.30872e-05
48.697498,49.092499,48.285,48.922501,47.696545,7.64572e-05
49.112499,49.275002,48.982498,49.25,48.015839,7.41064e-05
49.105,50.057499,49.084999,50.025002,48.771423,0.0001035268
50.080002,50.712502,49.807499,49.875,48.625175,0.0001430728
49.669998,50.185001,49.544998,50.154999,48.898163,8.67812e-05
50.212502,50.25,49.610001,49.737499,48.491116,8.36032e-05
49.799999,50.035,49.052502,49.717499,48.471622,0.0001110428
49.645,49.962502,49.502499,49.807499,48.559368,7.01464e-05
49.865002,50.342499,49.639999,49.8125,48.564247,0.0001027856
49.884998,50.845001,49.6525,50.782501,49.509941,0.0001156272
50.779999,51.037498,50.630001,50.965,49.68787,9.67832e-05
50.7075,51.235001,50.584999,51.1325,49.851162,7.7758e-05
51.107498,51.9375,50.974998,51.869999,50.570187,9.3292e-05
51.84,52.119999,51.762501,51.790001,50.492184,7.016240000000001e-05
51.7075,51.939999,51.279999,51.32,50.033966,7.41728e-05
51.224998,51.25,50.529999,51.075001,49.795109,7.45964e-05
51.099998,51.4925,50.965,51.1525,49.870663,8.881879999999999e-05
50.764999,50.849998,49.7775,50.1675,48.910347,0.0001861396
52.470001,53.827499,52.307499,52.630001,51.311142,0.00025930919999999995
52.459999,53.162498,52.032501,52.287498,50.977219,0.00012798520000000002
52.7225,52.959999,52.557499,52.9375,51.610935,8.35696e-05
51.072498,52.209999,50.875,52.119999,50.813923,0.0001297724
51.470001,51.855,50.2075,50.715,49.444122,0.0001550548
50.474998,51.334999,50.4375,50.724998,49.453873,0.000105358
50.099998,50.419998,49.165001,50.18,48.922539,0.0001396344
49.355,49.712502,48.192501,49.294998,48.244789,0.0001648348
46.927502,47.369999,45.712502,46.43,45.440823,0.0002297224
46.602501,47.424999,46.352501,47.165001,46.160172,0.0001461188
46.567501,47.9375,46.505001,47.73,46.713131,0.0001061788
47.477501,48.1175,47.209999,47.52,46.507607,0.0001321256
46.732498,47.724998,46.689999,47.25,46.243359,0.0001315164
45.880001,46.087502,45.07,45.772499,44.79734,0.00015444919999999998
46.305,47.0,46.174999,46.650002,45.656136,0.0001134592
46.165001,46.427502,45.637501,45.695,44.721489,0.0001189944
44.950001,45.134998,44.452499,44.915001,43.958103,0.0001461188
45.049999,45.535,44.654999,44.7425,43.78928,9.485880000000001e-05
44.73,45.147499,44.477501,44.557499,43.608223,0.0001117928
44.105,44.837502,44.0,44.345001,43.400253,0.0001139248
44.487499,44.807499,44.1675,44.575001,43.625347,8.48736e-05
44.057499,44.497501,43.747501,43.767502,42.835045,0.0001081744
43.900002,44.48,42.567501,43.325001,42.401981,0.0001615844
43.860001,44.9575,43.630001,44.91,43.953209,0.000123872
46.07,46.247501,45.285,45.634998,44.662758,0.0001190936
45.77,46.3675,45.537498,46.305,45.318489,9.010519999999999e-05
46.627499,47.98,46.442501,47.537498,46.524731,0.0001227376
47.952499,48.842499,47.904999,48.145,47.119289,0.0001048836
48.715,49.0,48.400002,48.702499,47.664913,0.0001077316
48.487499,48.9925,48.3475,48.547501,47.513218,7.30128e-05
48.674999,49.197498,48.400002,48.537498,47.503426,8.66984e-05
47.887501,48.397499,47.575001,48.185001,47.15844,7.504600000000001e-05
48.224998,48.740002,48.0425,48.4725,47.439819,5.86764e-05
49.012501,50.072498,48.802502,49.612499,48.555523,0.00010620399999999999
49.919998,49.970001,49.327499,49.467499,48.413612,8.449679999999999e-05
50.092499,50.1525,49.5075,49.865002,48.802647,8.6056e-05
49.700001,50.212502,49.537498,49.695,48.636265,0.00019120240000000002
49.634998,50.040001,49.5425,49.645,48.58733,7.288160000000001e-05
49.607498,49.814999,48.822498,48.892502,47.850864,8.42812e-05
49.442501,50.247501,49.337502,49.950001,48.88583,0.00010426999999999999
50.072498,50.392502,49.892502,49.935001,48.871155,8.35988e-05
49.669998,49.875,49.262501,49.48,48.425846,0.0001244424
50.7925,51.122501,50.162498,50.387501,49.314014,0.000109012
50.352501,50.782501,50.34,50.682499,49.602726,6.774079999999999e-05
50.82,51.110001,50.672501,51.102501,50.013783,4.5448e-05
50.837502,51.27,50.724998,51.057499,49.969738,6.9062e-05
50.202499,50.349998,49.602501,50.005001,48.939663,0.00010135439999999999
49.799999,50.377499,49.702499,50.310001,49.238163,8.2312e-05
50.462502,50.932499,50.389999,50.807499,49.72506,7.15884e-05
50.827499,51.0975,50.427502,50.4375,49.362946,8.076720000000001e-05
50.612499,51.0,50.549999,50.825001,49.742191,7.038079999999999e-05
51.022499,51.467499,51.0,51.302502,50.209522,6.77896e-05
51.147499,51.5275,50.875,51.125,50.035809,6.746720000000001e-05
51.012501,51.272499,50.817501,50.837502,49.754425,5.643e-05
51.0,51.470001,50.924999,51.415001,50.319626,7.41624e-05
51.447498,51.625,50.59,50.647499,49.56847,8.37172e-05
50.912498,51.807499,50.9025,51.805,50.701321,8.91116e-05
52.115002,52.227501,51.822498,52.209999,51.097687,7.34208e-05
51.9175,52.287498,51.7925,52.1675,51.056087,5.99664e-05
52.2225,52.310001,51.682499,51.755001,50.652386,5.56384e-05
51.869999,52.432499,51.785,51.935001,50.828541,7.04756e-05
52.115002,52.66,52.110001,52.419998,51.303207,8.66936e-05
52.189999,52.540001,51.827499,52.195,51.083004,0.00013574279999999998
54.105,55.342499,52.825001,53.259998,52.125317,0.0002771256
53.474998,54.5075,51.685001,52.107498,50.997372,0.00021607159999999999
51.3825,51.607498,50.407501,51.005001,49.918358,0.00016344839999999999
49.497501,49.662498,48.145,48.334999,47.305241,0.000209572
49.077499,49.517502,48.509998,49.25,48.200748,0.0001432992
48.852501,49.889999,48.455002,49.759998,48.699883,0.0001334576
50.049999,50.8825,49.8475,50.857498,49.774002,0.000108038
50.325001,50.689999,49.822498,50.247501,49.363846,9.84788e-05
49.904999,50.512501,49.787498,50.119999,49.238586,8.99276e-05
50.255001,53.035,50.119999,52.2425,51.323753,0.000188874
50.790001,51.610001,50.647499,50.6875,49.796101,0.0001461896
50.865002,51.285,49.9175,50.435001,49.548046,0.0001089096
51.07,51.790001,50.959999,51.625,50.71711,0.0001104816
52.654999,53.182499,52.5075,52.587502,51.662697,9.76544e-05
52.720001,53.337502,52.580002,52.59,51.665146,0.0001075372
53.247501,53.412498,52.900002,53.16,52.225121,8.61416e-05
53.297501,53.610001,52.6875,53.115002,52.180912,8.90148e-05
52.357498,53.012501,50.25,50.66,49.769085,0.000187272
51.465,51.797501,51.264999,51.622501,50.714664,0.00010417440000000001
51.965,52.137501,50.8825,51.040001,50.142403,0.00010349320000000001
51.025002,51.43,50.830002,51.3825,50.478878,6.37552e-05
52.125,52.330002,51.665001,52.252499,51.333584,8.396200000000001e-05
52.540001,52.612499,51.799999,52.185001,51.267269,8.457359999999999e-05
51.607498,51.744999,51.055,51.424999,50.520638,8.0092e-05
52.0975,52.369999,51.830002,52.297501,51.377789,7.67524e-05
53.0,53.4925,52.877499,53.32,52.382301,9.565479999999999e-05
53.512501,53.605,53.127499,53.314999,52.377392,7.744920000000001e-05
53.709999,54.110001,52.767502,53.5425,52.600895,0.0001092376
53.465,54.195,52.927502,54.174999,53.222271,0.0001271116
54.517502,55.927502,54.432499,55.897499,54.914474,0.0001771584
56.200001,56.605,55.715,55.772499,54.791679,0.0001289068
55.0,55.197498,54.255001,54.6875,53.725754,0.0001590532
54.432499,55.032501,54.389999,54.974998,54.008202,8.46324e-05
54.990002,55.205002,54.779999,55.174999,54.204689,7.32748e-05
55.264999,55.712502,54.860001,55.692501,54.713085,0.00010136
55.502499,55.939999,55.092499,55.240002,54.268547,8.82424e-05
55.345001,55.639999,54.3675,54.432499,53.475235,0.0002216524
54.737499,54.959999,54.412498,54.68,53.718391,7.6662e-05
55.2575,55.622501,54.297501,54.419998,53.462959,0.0001247632
54.637501,55.375,54.285,55.2575,54.285736,8.76136e-05
55.0,55.235001,54.7075,54.9725,54.005753,7.533400000000001e-05
55.134998,55.240002,54.32,54.705002,53.74295,0.000101408
55.224998,56.145,55.197498,55.9925,55.007809,0.0001039096
56.267502,57.055,56.049999,56.147499,55.160084,0.0001392232
55.764999,55.895,54.482498,54.740002,53.777336,0.0001384492
54.607498,55.240002,53.782501,55.205002,54.234158,0.000114426
56.41,56.872501,55.9725,56.752499,55.754444,0.0001384788
56.567501,57.482498,56.459999,56.764999,55.766727,0.000122306
56.455002,57.014999,56.0825,56.099998,55.113415,0.00011182
56.7575,56.947498,56.41,56.7575,55.759354,7.477039999999999e-05
56.982498,57.610001,56.825001,57.522499,56.510906,0.0001130136
58.237499,59.41,58.077499,59.052502,58.013996,0.0001667956
58.724998,59.532501,58.6675,58.967499,57.930492,9.64276e-05
59.0975,59.412498,58.720001,58.830002,57.79541,8.736e-05
58.342499,58.810001,58.299999,58.592499,57.562084,7.39032e-05
58.772499,59.037498,58.380001,58.82,57.785587,6.75852e-05
58.647499,59.395,58.572498,59.102501,58.063118,9.74336e-05
59.380001,60.247501,59.330002,60.127499,59.070091,8.72472e-05
60.290001,60.549999,59.904999,59.990002,58.935009,8.22936e-05
60.525002,60.810001,60.305,60.794998,59.725849,7.58288e-05
61.127499,61.200001,60.452499,60.895,59.824093,6.92752e-05
60.790001,61.682499,60.720001,61.645,60.560905,7.34772e-05
61.855,62.3125,61.68,62.262501,61.167545,9.65728e-05
62.2425,62.4375,60.642502,60.822498,59.752869,0.00014283959999999998
61.189999,61.325001,60.302502,60.814999,59.745502,0.000124522
61.810001,62.2925,59.314999,62.189999,61.096321,0.000139162
62.384998,63.982498,62.290001,63.955002,62.830284,0.00015112520000000001
64.332497,64.462502,63.845001,64.375,63.242897,0.00010327200000000001
64.262497,64.547501,64.080002,64.282501,63.15202,7.98976e-05
64.192497,64.372498,63.842499,64.309998,63.179035,7.58644e-05
64.684998,65.087502,64.527496,64.857498,63.908207,9.49404e-05
64.672501,65.110001,64.212502,65.035004,64.083107,6.99864e-05
64.574997,65.6175,64.57,65.550003,64.590569,8.18212e-05
65.387497,65.697502,65.230003,65.489998,64.531441,8.73888e-05
65.282501,66.195,65.267502,66.1175,65.149757,0.0001027344
65.9375,66.220001,65.525002,65.660004,64.698967,8.91828e-05
65.919998,66.445,65.752502,66.440002,65.467545,0.0001002064
66.449997,66.857498,66.057503,66.775002,65.797646,8.67032e-05
66.974998,67.0,66.347504,66.572502,65.598099,7.616719999999999e-05
66.385002,66.519997,65.099998,65.797501,64.834442,0.00010623439999999999
65.922501,66.002502,65.294998,65.502502,64.543762,0.0001213952
65.647499,65.794998,65.209999,65.445,64.487106,6.532519999999999e-05
65.677498,66.610001,65.629997,66.592499,65.617805,8.40204e-05
66.735001,66.790001,65.625,66.072502,65.105431,0.0001052076
66.394997,66.995003,66.327499,66.959999,65.979927,6.523560000000001e-05
66.650002,67.0,66.474998,66.8125,65.834587,4.6617600000000006e-05
66.817497,67.0625,65.862503,66.040001,65.073418,9.44872e-05
64.577499,64.8825,64.072502,64.862503,63.913139,0.0001144304
65.267502,65.827499,65.169998,65.434998,64.477242,6.718160000000001e-05
65.947502,66.472504,65.682503,66.394997,65.423203,7.44244e-05
66.870003,67.75,66.824997,67.677498,66.686928,0.00010607559999999999
67.5,67.699997,66.227501,66.730003,65.753304,0.00012804239999999998
67.150002,67.517502,66.464996,67.120003,66.137589,9.04204e-05
67.202499,67.775002,67.125,67.692497,66.701706,7.87568e-05
66.945,68.139999,66.830002,67.864998,66.871689,0.0001373104
67.864998,68.824997,67.732498,68.787498,67.780685,0.00013358760000000002
69.25,70.197502,69.245003,69.964996,68.940948,0.000128186
69.892502,70.442497,69.699997,70.102501,69.076431,0.0001141584
69.949997,70.474998,69.779999,69.934998,68.911385,0.00011602840000000001
69.875,70.294998,69.737503,70.004997,68.980354,9.836920000000001e-05
70.557503,70.662498,69.639999,69.860001,68.837494,0.000275978
70.1325,71.0625,70.092499,71.0,69.960808,9.8572e-05
71.172501,71.222504,70.730003,71.067497,70.027306,4.84788e-05
71.205002,72.495003,71.175003,72.477501,71.416672,9.31212e-05
72.779999,73.4925,72.029999,72.449997,71.38958,0.00014626599999999999
72.364998,73.172501,71.305,72.879997,71.813278,0.00014411439999999998
72.482498,73.419998,72.379997,73.412498,72.337997,0.0001008056
74.059998,75.150002,73.797501,75.087502,73.988472,0.0001354804
74.287498,75.144997,74.125,74.357498,73.269165,0.0001463228
73.447502,74.989998,73.1875,74.949997,73.852974,0.0001183872
74.959999,75.224998,74.370003,74.597504,73.505646,0.000108872
74.290001,76.110001,74.290001,75.797501,74.68808,0.0001320792
76.809998,77.607498,76.550003,77.407501,76.274513,0.00017010839999999998
77.650002,78.167503,77.0625,77.582497,76.446953,0.0001406448
77.910004,79.267502,77.787498,79.239998,78.080193,0.000121532
79.175003,79.392502,78.042503,78.169998,77.025848,0.0001619544
77.962502,78.875,77.387497,77.834999,76.69577,0.00012192359999999999
78.397499,78.925003,78.022499,78.809998,77.656494,0.0001088292
79.067497,79.684998,78.75,79.682503,78.516212,0.0001378164
79.297501,79.754997,79.0,79.142502,77.984116,0.0001108432
79.644997,79.997498,79.327499,79.425003,78.262489,0.00010183240000000001
79.480003,79.889999,78.912498,79.807503,78.639381,0.000104472
80.0625,80.832497,79.379997,79.577499,78.412743,0.00014653759999999998
77.514999,77.942497,76.220001,77.237503,76.107002,0.00016193999999999998
78.150002,79.599998,78.047501,79.422501,78.260017,0.000162234
81.112503,81.962502,80.345001,81.084999,79.898186,0.00021622919999999998
80.135002,81.022499,79.6875,80.967499,79.78241,0.0001267432
80.232498,80.669998,77.072502,77.377502,76.244965,0.0001995884
76.074997,78.372498,75.555,77.165001,76.035568,0.0001737884
78.827499,79.910004,78.407501,79.712502,78.545784,0.0001366164
80.879997,81.190002,79.737503,80.362503,79.186264,0.0001188268
80.642502,81.305,80.065002,81.302498,80.112511,0.0001054256
80.592499,80.849998,79.5,80.0075,79.023552,0.000117684
78.544998,80.387497,78.462502,80.387497,79.398888,0.0001093488
80.900002,80.974998,79.677498,79.902496,78.919853,9.43232e-05
80.3675,81.805,80.3675,81.800003,80.794022,0.0001137304
81.047501,81.555,80.837502,81.217499,80.218674,9.474760000000001e-05
81.184998,81.495003,80.712502,81.237503,80.238434,8.011360000000001e-05
78.839996,79.9375,78.652496,79.75,78.769218,0.0001525312
80.0,81.142502,80.0,80.904999,79.910019,9.3984e-05
80.657501,81.162498,79.552498,80.074997,79.090233,0.000100566
79.654999,80.112503,77.625,78.262497,77.300018,0.000129554
74.315002,76.044998,72.307503,74.544998,73.628227,0.0002221952
75.237503,75.6325,71.532501,72.019997,71.134293,0.0002306736
71.6325,74.470001,71.625,73.162498,72.262741,0.0001980548
70.275002,71.5,68.239998,68.379997,67.539047,0.0003206056
64.315002,69.602501,64.092499,68.339996,67.49955,0.00042651
70.57,75.360001,69.43,74.702499,73.783791,0.00034139719999999997
75.917503,76.0,71.449997,72.330002,71.440483,0.0003194756
74.110001,75.849998,73.282501,75.684998,74.754219,0.00021917840000000002
73.879997,74.887497,72.852501,73.230003,72.329414,0.0001875728
70.5,72.705002,70.307503,72.2575,71.368874,0.0002261768
65.9375,69.522499,65.75,66.542503,65.724167,0.0002867448
69.285004,71.610001,67.342499,71.334999,70.45771,0.00028529
69.347504,70.305,67.964996,68.857498,68.010689,0.0002555988
63.985001,67.5,62.0,62.057499,61.294308,0.000418474
66.222504,69.980003,63.237499,69.4925,68.637871,0.00037073200000000003
60.487499,64.769997,60.0,60.552502,59.807819,0.0003224236
61.877499,64.402496,59.599998,63.215,62.437576,0.000324056
59.942501,62.5,59.279999,61.6675,60.909107,0.0003002336
61.8475,63.209999,60.6525,61.195,60.442417,0.0002718572
61.794998,62.9575,57.0,57.310001,56.605198,0.00040169319999999996
57.02,57.125,53.1525,56.092499,55.402668,0.0003367528
59.09,61.922501,58.575001,61.720001,60.960968,0.0002875312
62.6875,64.5625,61.075001,61.380001,60.625141,0.000303602
61.630001,64.669998,61.59,64.610001,63.815418,0.0002520872
63.1875,63.967499,61.762501,61.935001,61.173325,0.0002042168
62.685001,63.880001,62.349998,63.702499,62.919083,0.00016797640000000002
63.900002,65.622498,63.0,63.572498,62.790676,0.00019700200000000002
61.625,62.18,59.782501,60.227501,59.48682,0.0001762184
60.084999,61.287498,59.224998,61.232498,60.47945,0.000165934
60.700001,61.424999,59.7425,60.352501,59.610283,0.00012988
62.724998,65.777496,62.345001,65.6175,64.810532,0.00020182040000000002
67.699997,67.925003,64.75,64.857498,64.059875,0.0002028872
65.684998,66.842499,65.307503,66.517502,65.699455,0.00016889519999999997
67.175003,67.517502,66.175003,66.997498,66.173553,0.0001618348
67.077499,68.425003,66.457497,68.3125,67.472382,0.00013102279999999998
70.0,72.0625,69.512497,71.762497,70.879959,0.00019499479999999999
70.599998,71.582497,70.157501,71.107498,70.233002,0.0001311544
71.845001,72.050003,70.587502,71.672501,70.791069,0.0001571252
71.172501,71.737503,69.214996,70.699997,69.830521,0.00021525
69.487503,70.419998,69.212502,69.232498,68.381073,0.0001300152
69.07,69.3125,66.357498,67.092499,66.267387,0.00018099160000000002
68.402496,69.474998,68.050003,69.025002,68.176125,0.0001168624
68.967499,70.4375,68.717499,68.7575,67.911911,0.0001248144
69.300003,70.752502,69.25,70.7425,69.872513,0.0001261612
70.449997,71.135002,69.987503,70.792503,69.921883,0.0001170876
71.269997,71.457497,69.550003,69.644997,68.788506,0.00011200480000000001
71.182503,72.417503,70.972504,71.932503,71.047874,0.0001372808
72.489998,73.6325,72.087502,73.449997,72.546707,0.00018306399999999998
71.5625,74.75,71.462502,72.267502,71.378746,0.0002406168
72.292503,73.422501,71.580002,73.290001,72.38868,0.000133568
73.764999,75.25,73.614998,74.389999,73.475143,0.00014775120000000002
75.114998,75.809998,74.717499,75.157501,74.233215,0.00014233359999999998
75.805,76.292503,75.4925,75.934998,75.001137,0.0001152152
76.410004,77.587502,76.072502,77.532501,76.786293,0.0001338384
77.025002,79.262497,76.809998,78.752502,77.994545,0.00014594640000000002
79.457497,79.922501,77.727501,77.852501,77.10321,0.0001623012
78.037498,78.987503,75.802498,76.912498,76.172256,0.0002006224
76.127502,77.447502,75.3825,77.385002,76.640221,0.0001589292
75.087502,76.974998,75.052498,76.927498,76.187119,0.0001663484
78.292503,79.125,77.580002,78.739998,77.982178,0.0001351784
78.7575,79.629997,78.252502,78.285004,77.53157,0.0001017296
79.169998,79.879997,79.129997,79.807503,79.039406,0.0001115048
79.665001,80.222504,78.967499,79.212502,78.450127,0.0001026888
78.942497,79.807503,78.837502,79.722504,78.955231,8.18032e-05
80.875,81.059998,79.125,79.182503,78.42041,0.000125522
79.035004,79.677498,78.272499,79.527496,78.7621,0.0001129452
79.192497,80.860001,78.907501,79.5625,78.796761,0.0001335608
79.8125,80.287498,79.1175,79.485001,78.720001,0.0001535324
79.4375,80.587502,79.302498,80.462502,79.688095,8.07912e-05
80.1875,80.860001,79.732498,80.834999,80.057014,8.76428e-05
81.165001,81.550003,80.574997,81.279999,80.497726,0.0001044912
81.097504,81.404999,80.195,80.580002,79.804474,8.75604e-05
80.837502,82.9375,80.807503,82.875,82.077377,0.0001372504
82.5625,83.400002,81.830002,83.364998,82.56266,9.565439999999999e-05
83.035004,86.402496,83.002502,85.997498,85.169823,0.0001477124
86.974998,88.692497,86.522499,88.209999,87.361038,0.0001666516
87.327499,87.764999,83.870003,83.974998,83.166786,0.0002016624
86.18,86.949997,83.555,84.699997,83.884804,0.00020014599999999998
83.3125,86.419998,83.144997,85.747498,84.922226,0.00013880879999999998
87.864998,88.300003,86.18,88.019997,87.172852,0.0001654288
88.787498,88.849998,87.772499,87.897499,87.051537,0.0001144064
87.852501,88.362503,87.305,87.932503,87.086205,9.682040000000001e-05
88.660004,89.139999,86.287498,87.43,86.588539,0.000264476
87.834999,89.864998,87.787498,89.717499,88.854019,0.0001354452
91.0,93.095001,90.567497,91.6325,90.75058,0.0002121556
91.25,92.197502,89.629997,90.014999,89.148659,0.0001926232
90.175003,91.25,89.392502,91.209999,90.332161,0.0001375224
91.102501,91.330002,88.254997,88.407501,87.556641,0.0002052568
88.3125,90.542503,87.82,90.445,89.574516,0.000130646
90.019997,91.495003,90.0,91.199997,90.32225,0.0001402232
91.279999,91.839996,90.977501,91.027496,90.151405,0.00011073720000000001
91.962502,92.6175,90.910004,91.027496,90.151405,0.0001140416
92.5,93.945,92.467499,93.462502,92.562981,0.00011865560000000001
93.852501,94.654999,93.057503,93.172501,92.275772,0.00011242440000000001
94.18,95.375,94.089996,95.342499,94.424889,0.000117092
96.262497,96.317497,94.672501,95.752502,94.830956,0.0001256428
95.334999,95.980003,94.705002,95.919998,94.996826,9.02572e-05
97.264999,99.955002,95.2575,95.477501,94.558586,0.0001916492
94.839996,97.254997,93.877502,97.057503,96.123375,0.0001709892
98.989998,99.247498,96.489998,97.724998,96.784454,0.000153198
96.5625,97.404999,95.904999,96.522499,95.593521,0.00011057760000000001
96.987503,97.147499,95.839996,96.327499,95.400398,9.21868e-05
96.417503,98.5,96.0625,98.357498,97.410858,9.0318e-05
99.172501,99.25,96.7425,97.0,96.066437,0.0001034332
96.692497,97.974998,96.602501,97.272499,96.336296,8.90016e-05
96.997498,97.077499,92.010002,92.845001,91.951424,0.0001970044
90.987503,92.970001,89.144997,92.614998,91.723625,0.00018543879999999998
93.709999,94.904999,93.480003,94.809998,93.897514,0.000121214
94.3675,94.550003,93.247498,93.252502,92.355011,0.0001036256
93.75,95.230003,93.712502,95.040001,94.125298,9.03292e-05
94.1875,96.297501,93.767502,96.190002,95.264236,0.00015813
102.885002,106.415001,100.824997,106.260002,105.23732,0.00037433679999999996
108.199997,111.637497,107.892502,108.9375,107.889038,0.0003081512
109.1325,110.790001,108.387497,109.665001,108.60955,0.0001730716
109.377502,110.392502,108.897499,110.0625,109.00322,0.0001217768
110.404999,114.412498,109.797501,113.902496,112.806252,0.0002024288
113.205002,113.675003,110.292503,111.112503,110.241524,0.0001980456
